cookie_id,score
ck_315fb710a0e371e7,0.0007247515236047012
ck_a76ee3b3e3e522fd,0.01863902844894774
ck_94c9a4d382689e82,0.02242339401359622
ck_8eaf9509ad9462a0,0.000970827153718753
ck_9a88a5a989cb5bc6,0.0041262416413304515
ck_15239ef0689c1a35,0.008240595927772725
ck_8de69cd219d3b87f,0.2987966158500483
ck_f92cd37022b0ce21,0.019526771876920514
ck_1a3ff7620580a514,0.004213577682327621
ck_397c03aa33a57310,0.1963869566166625
ck_a7cf6c3b322f6b7a,0.01220567316145583
ck_c39a9e75760e3201,0.005850759739812789
ck_88ab6d245228c38e,0.0009431610326758415
ck_17733f75ebdea93e,0.011541503557846586
ck_58eb871e8d7bed52,0.0795705339118881
ck_e55b7fa67db1ec27,0.0009488331771809169
ck_62f5cfe22c952694,0.007175595685168072
ck_7fbb709a0fe95759,0.0008178815553970554
ck_87abe9cd066a20fb,0.025964401570352187
ck_d58e058b5c553dd5,0.0060965308483192
ck_d27b872648b71202,0.011470812224435094
ck_4b4a3c5b95c55b43,0.0011870927185946688
ck_66dd4f4b4127256d,0.003773063236897771
ck_93cc12703b500613,0.03413991480083276
ck_d28806a2179092eb,0.99025488308783
ck_0595c2a0c7881e05,0.02494729321710324
ck_50087d8666191144,0.30922924930240875
ck_b08b3f089138c901,0.01848029407224969
ck_fe3b67041dad2dd1,0.0013152000689999283
ck_8449a28f7d475d93,0.014505862857885568
ck_8642e3b6d84f49d3,0.025279300053775895
ck_e49b5e4f2f2e79db,0.7043449807530824
ck_437afe412ea4259c,0.050144917187189365
ck_569b83668d74042d,0.4496053791600955
ck_233a487d31c3e631,0.9940058794205925
ck_1fca72e03143a645,0.8986960898239639
ck_79205e31223df2ad,0.03549058925584691
ck_9625a64406ea16e3,0.0026029550972329883
ck_079bd18dacb704a8,0.029498490913394793
ck_4db6d4fd2b49aa81,0.013042989411519601
ck_0dbefdac0a1868fb,0.002696044244935181
ck_24ff97ad90bdd69a,0.17585047470878062
ck_77f8c5042065d506,0.0038647849451261943
ck_f11be8ce05382cec,0.002472378575197575
ck_c9d72140b0389216,0.05106446240771921
ck_69eda24e931fb36a,0.001649202016990671
ck_ed471e496916ee15,0.003413891259298159
ck_ff090498c4b17ac3,0.003731179006155887
ck_c3c19d6a0720915c,0.0011324026576033405
ck_af02e1817cfa40b5,0.01995595039267394
ck_2df5a9fc87553eb1,0.006034936761776808
ck_4ac918e884cff336,0.024543249296084847
ck_ca149244b54ef3ad,0.0005060842747667162
ck_6babe5b8674ff51f,0.010701563390874257
ck_1573878386886290,0.0018846052500170354
ck_3925f8565abb7fe4,0.0023043360193376445
ck_c4de808ae69c771f,0.000921853087806277
ck_a777c813551281fe,0.004292829321892483
ck_df4424f6dd85080d,0.032999059295572356
ck_85e5494ec20383ae,0.01203156966936154
ck_f71a4094e889c3af,0.004375086780987881
ck_f2f3cf9cd23b2809,0.009724810499840144
ck_18e2076397bcc211,0.010777760562996116
ck_c9f9fddef39bc664,0.005988516651047859
ck_7e826e233d6ea028,0.00457279512772049
ck_62fd7eb46bee9210,0.007360941514596614
ck_206f8e3cd72768f3,0.02565008595357742
ck_aa295a11b0a6ab36,0.01671295662162346
ck_9a56739d81f84a53,0.003075537196656953
ck_aa075c418ed9fe5a,0.0063996390692195705
ck_62b9fb3db284941b,0.0015148698494327803
ck_f4f83b1403ebea46,0.03132036697347075
ck_16b66bd803288bc3,0.3683587309884413
ck_c4ca1434f3778f1d,0.9660137450877879
ck_1b823610371a29c0,0.0025627984184023837
ck_c2bd5a722aa637d9,0.017773476147074
ck_7890208951df34f0,0.010072835800696173
ck_020eb0e454524ecd,0.0014306537048837896
ck_3b66196ccf436c35,0.012437506210127281
ck_109fc467ec0a4af5,0.04475238206730762
ck_f3dcd818db92de7b,0.012082386815426227
ck_31e7742f160980ef,0.010633370923457583
ck_77fce5f86f00b8f4,0.25609197035845793
ck_46bc797b4d07d607,0.0019418140391946573
ck_37899b1b571b1c6b,0.018388408264386827
ck_ef8a6af43fedd464,0.0033258592273808867
ck_bcc8519fe8521038,0.024558607190809587
ck_90696b7182dd9129,0.002144781496331282
ck_4a24ad61d017e1ba,0.021711469680574184
ck_0acc3d8c67218b9d,0.007655964148905561
ck_05c97fc9de11aba6,0.18630648749016449
ck_f8ac3a0500c0ec62,0.004132861569587929
ck_617b65141f546a1c,0.0024642393766056603
ck_9d00823bf60388d7,0.05268268647790468
ck_123c15d93f1840f2,0.08415738751666145
ck_573feefba6bf78bb,0.0247047956623084
ck_b25657bd16739036,0.007806894853226369
ck_bd26d2bef14a8597,0.004472092857289964
ck_a553418f2fba1440,0.0117321090512206
ck_89f3e380b0686963,0.0033955364500927857
ck_b359192aa659bdce,0.028265671175015123
ck_02241f3dc301bebf,0.006927339058882513
ck_5ccc1a1c78cb33ee,0.03116353741774841
ck_349cc5edda1b8853,0.104243715872532
ck_e9f228845bf6e28b,0.10345449175023261
ck_0a45d033d4e280ea,0.03345493427051681
ck_7e63168dda612235,0.0009462586627849171
ck_676fa5f6aae5475b,0.006250697916015273
ck_74b502b20690ccfe,0.003209748444042479
ck_073509af21dd7f5f,0.23972870628252113
ck_498a0acd450944d8,0.0023349196174507507
ck_7f15b50b29dead01,0.006538769086373683
ck_8089fe7403c5f537,0.020364825951130643
ck_05b2b04e11d9ae9c,0.027666960198145508
ck_31e70f2f04b48b88,0.0018096933389146492
ck_994316fa5a02b319,0.0006416528871850104
ck_b76510998b9a2260,0.02530318379102655
ck_4db95c310e105d30,0.0011826120360547358
ck_6f730b77dc6cdb84,0.004925952645674353
ck_2493ee8e7b91d304,0.009638863387717954
ck_92d679d6ac7dcdcb,0.039056184864848256
ck_3a0e0200cbb185cb,0.015375987130223085
ck_0b2eeb4e00ff7955,0.020392224159746414
ck_9843d0e61c37ebe8,0.9976508072929875
ck_e61c8721e3ef1921,0.004717388405447225
ck_2e0eedaaf2980c2c,0.0023013466050961183
ck_9036b2e5e9298a34,0.0052697402783869664
ck_3265442528d51728,0.009812703015618792
ck_f2ddae2eb1cb29b4,0.010112409093698583
ck_6cfa71d27fc27f92,0.0057043772004438205
ck_f3199fbe84a28b9a,0.07435301908078706
ck_b78d785ca3ef773a,0.009354342403190241
ck_374865697f1480eb,0.028456063425672185
ck_06d0e4a9189302a9,0.016090778888993698
ck_9c9884b9bcaa552e,0.3143201426317663
ck_fd4cf578e87703ff,0.01098284478672686
ck_1917ef3e6e345549,0.04142474388886401
ck_e70418b00cbbbac9,0.03523678934630684
ck_a60388296a47062c,0.033248531027135625
ck_d598fe8d2c779ab9,0.005018174696529496
ck_646dc03de4c31803,0.8000276689379595
ck_e4fd8cbd842b6993,0.0014402939601121094
ck_2225b555aa2a42ed,0.02784494816658472
ck_6be8ae9d78148882,0.02352462437074511
ck_4199342d3aca74e8,0.04701182065992749
ck_779581adb573261f,0.011829089467405591
ck_bb303568b6915205,0.11878427317668008
ck_17c4296276448afe,0.015464853304628703
ck_a60a61ac829252a0,0.0011929116915175091
ck_6ea70950c1cae00b,0.8370433963665984
ck_1abb93f6924645e1,0.020148253219880258
ck_faab769cce19879a,0.03453505256982066
ck_d5b8e74e7ca6355a,0.007203533958003494
ck_f11f7691af16ad07,0.0036031086306067884
ck_188fdf2be7c92e9d,0.9910939789567816
ck_4a103f8254b366f7,0.006458154591155491
ck_bfa17a0b1760e616,0.007048298665873978
ck_a4d7f6a5869d440a,0.9650545220482234
ck_58e20f5a3e7f11b8,0.8371933560969487
ck_4becdd3d2696c7ba,0.01641246565848326
ck_dad5cf32ab9f243f,0.010596062867442916
ck_7d9f73dc7c4f90c3,0.0920591091095235
ck_c19371047a2d011d,0.005389956945065729
ck_247589ff532f7aa8,0.0017722695280481982
ck_7a9f241d5f082567,0.003791795467447617
ck_0a2b7078736b4dda,0.0023832472667959363
ck_687b412e2aac7eb6,0.039914956291312066
ck_fce0b6855886a0b8,0.00807004136991626
ck_e291cc60920456d0,0.4697040252050302
ck_04219a7ea798db51,0.03520299140726006
ck_286bfd719836e9f3,0.12054078555115202
ck_55efc92394fee232,0.0030942368526352773
ck_e36c8da1bd359960,0.0561374263847839
ck_34b0988a97d96902,0.001569489335943244
ck_e0fb11fc9dcb34e6,0.00834830512386634
ck_bcc9cbc9ed8b7c31,0.0037956809485665934
ck_3df8da6f60a89a5b,0.011747686429637923
ck_b1495ee5c59a6b28,0.003402769795632776
ck_58f4c3ac61fda129,0.150335354802752
ck_735f244b99e3aa8d,0.012056272194998146
ck_6b93bd8abf87b1d6,0.9645947318280568
ck_12107dacc6d05bd1,0.001962131758985132
ck_f96db2a1f3448d1f,0.01753229777918899
ck_8fd91a3c99e19097,0.014168399695799788
ck_910205d25388a0ae,0.0037564999384915136
ck_d229dfa0e4442628,0.001805708244501184
ck_7cdec61e1c488798,0.05998426499872293
ck_f66f06e24ff32671,0.011527354659488096
ck_350bf14e90b503f5,0.01283481211724585
ck_61fff5fdaadd394b,0.0053742498259401845
ck_e934f984bad2ff91,0.4317172624412523
ck_ff6a6d3547dd2d37,0.004283635002843282
ck_65ad9b15979e3247,0.003981460288986891
ck_bbe1a2ea5a403ad8,0.5666402736056203
ck_6f3a28eecd2c4031,0.007787976646353352
ck_a89b66665714058f,0.0042502318981523235
ck_918c92182b6817cd,0.017456717838242156
ck_64f5eb4be9e7b8fa,0.5009902890756347
ck_d021fd497ea35fb2,0.012654243312669755
ck_004de16f7d8a42ae,0.024208435426628594
ck_a33d2325f86ab12d,0.004755123856239049
ck_89790ff26c844bc6,0.006621704465188995
ck_e6e7257377c37b28,0.1354784936388697
ck_a2cc3910a641a808,0.3746178138201045
ck_646e270e0195bf05,0.007166536731323052
ck_baba5d66def0d770,0.06818249950477424
ck_67cdcdda3033842d,0.008622646444550023
ck_b5c3075c811a2216,0.035279798242893
ck_515379973a8044b8,0.005560799394809235
ck_c0ce85fb4109567d,0.0052369713763787806
ck_fef850553862aaca,0.0029501020121086223
ck_55d7217b0aff9fa2,0.005801404786992826
ck_8e139f8925ef7968,0.0041390254388268665
ck_9e35b908fca1e4d7,0.0013674002360151932
ck_59735f4ab2ad3da5,0.015003450061770871
ck_dc569c1167ccec0d,0.7740576723061975
ck_1dade5592f90a15c,0.03215186776102029
ck_793048d11fb8b328,0.43085037880504595
ck_545b71eb4fa594b5,0.005044730445493751
ck_bd30853e9a57b544,0.01356687394431005
ck_59f46321ecf6d306,0.0033549704677172153
ck_260cfe9141d249f1,0.0917363796760234
ck_3365a0ad1a8aa83c,0.0024195093529235127
ck_b0ef193195a2138b,0.004113869009270319
ck_0f909705e2e60f2f,0.003819443580025493
ck_5a540b75c866166a,0.008027957843342787
ck_87c26b2f41025109,0.9716290107505081
ck_27acc9f320cda104,0.19715302813049057
ck_a27bc31eecd9cb9a,0.006726791917353594
ck_115d86fabde77b65,0.002995913330273724
ck_eeca179341d56f8a,0.6068468794782547
ck_8e5999c436cf037e,0.0034293019335710313
ck_510e7c5df1f95d90,0.9920047130084202
ck_f1acf73363925958,0.018258124975198787
ck_3c177f5970b68bd3,0.011479599416557148
ck_9cdfaa1c30cc9d32,0.0010517697796729956
ck_c8efa1538b37c359,0.012244176639512435
ck_a8a2e296f9804bd7,0.005487677431233946
ck_91a0ca45f429568d,0.008297727089981116
ck_5fdf8a0bdbd3ed62,0.010850751897049078
ck_0f4e2ec66d50da5f,0.0068620192962648265
ck_28c53b214b2ee882,0.10312510075742012
ck_003148504557f720,0.2500022866127976
ck_01d840cffb870615,0.5113051447562692
ck_555848d51f4b5f35,0.014873574331071573
ck_df20cc23b8fb8e22,0.010582761836957149
ck_f9604adde929beff,0.0017884410278092785
ck_d66952b03591bdec,0.007298162710966871
ck_ddcac1ab765ff61a,0.015615076814293033
ck_347386629d96c664,0.005450682918523623
ck_ab01db9117acfe3d,0.003487293844926637
ck_58e5359efc52e0ad,0.0026701804257654306
ck_1a524b5cc8da71b3,0.010825175775485748
ck_e9287b6d909d731f,0.005536185743210678
ck_bb41a66e3d90263b,0.2020741978068583
ck_e95c8cc1864bd584,0.0018286628658328026
ck_7a3f2961e9a8b6dc,0.01045653708205943
ck_378a9df82b1e0bee,0.5552074732878258
ck_42633573639a3f02,0.9681292831035044
ck_2a5a4c18c2c7274b,0.00717450632821567
ck_77549c1a41f837c3,0.0075034563590815175
ck_a26704b5b26258b7,0.02124141542449301
ck_9874ad160efddf50,0.011534874470151139
ck_9111e3a04b14dfba,0.01995195864386505
ck_651e076ee43aea85,0.001957225168090817
ck_391639c0f13932f3,0.0009202861694474456
ck_02dbabda93c8c13d,0.007360027949669831
ck_0adcb1fffcb0a34b,0.013123946774864875
ck_7a43ef9c7b1c67b5,0.005839110078186386
ck_4b9dd69946438d0b,0.0046383009232556375
ck_90bf017cdd37b66e,0.0683137609917549
ck_61c74163eb36556e,0.007676668596389456
ck_13376c59b5bd6943,0.002065814412920037
ck_62337eccb1672737,0.0067889286511022525
ck_16077934338472bf,0.003425571728119877
ck_0d4dfd93086e7330,0.005954670029804157
ck_3865b7525b910893,0.016830234857869907
ck_7e2ae8b69ebd5675,0.006177596320207143
ck_b4384b6c11766ce7,0.003932485074890921
ck_3d7fa32dfb9fc692,0.018759987325224305
ck_f4a6a7cadd6e0603,0.26168907896060833
ck_212525e2828a6c45,0.004135956124259924
ck_33ad8d53394ba77a,0.4318856111394971
ck_a5051eafe8b51224,0.001285901476464115
ck_f65e5ff7da565f91,0.003799286740569763
ck_5c37f7563fa7591d,0.003839585860195626
ck_f1e0a006068aff29,0.009280010061070001
ck_c646cdead6fb79d0,0.002561319625099047
ck_f8b3cdffef535330,0.06031263071363028
ck_e5cdbe3aa12c97f6,0.009449673938061051
ck_986e4e61440506d0,0.019978747342514685
ck_6da9c5912e15d9a8,0.004499283069868407
ck_51d842e6dae74c71,0.005764896349061177
ck_5fc65c24e0736d5d,0.9723247735654587
ck_babb95a76c69509d,0.011787759745669278
ck_86a2d852a9715432,0.011529722682165604
ck_db4083a0d043def8,0.143251533442142
ck_96953b8945b7d403,0.005364209440729757
ck_7831ca5c31fb3859,0.028645244342371583
ck_60ac5e5f375daa38,0.011289601155357097
ck_05d44eb1f5f085ce,0.021057484342438072
ck_432cc19c7eeaa46e,0.0221222407681095
ck_7fc513033af061af,0.125401997392181
ck_ada6ede84c111719,0.011859856838977284
ck_6343e0d3b1c2962b,0.012631837099084114
ck_010264ae04f2e902,0.5704056710760754
ck_e9dcf535f8c289eb,0.07492033388469072
ck_37143d9cc296e6fa,0.002014635098684172
ck_61fa051192f3e810,0.015490131005462527
ck_f9f93d1d41be1468,0.8996034977254546
ck_c4f4f28457be8a74,0.0029965481246086805
ck_323a71f9452d21cb,0.8018384384847869
ck_170f4688e0acd875,0.1281014635068963
ck_869b1878d09d230d,0.21245012982666012
ck_2f6b33bf46976229,0.0036603315741652806
ck_b11e22e75d9b99de,0.0027401161027065936
ck_123d75ffb75b606d,0.00888597623508745
ck_94295287a04c85d2,0.04483387919052412
ck_1b0434f096795328,0.0018596638036536522
ck_0a4e191cd0a57ce1,0.002649278577066419
ck_d2fbd0df99634676,0.004507809594139699
ck_d51df5e9fbbbcc94,0.021735119247325258
ck_2d3d7d64a6f443f8,0.008252569005453932
ck_731943c682c9394e,0.006451423754846175
ck_5ccc0c94e5e1f849,0.00941284990831624
ck_c3476080516db25d,0.016363659250621786
ck_5010ffb1c94187b5,0.0017828679336624944
ck_7ef666d67bc70223,0.019383378905866465
ck_c1b493527224a27a,0.0011757842878635703
ck_5d1e25d7acc5af9a,0.01694283865728818
ck_ec30b61cbf517db8,0.0013614080728344634
ck_79323eb5d2e5efae,0.0011749860237850217
ck_4085cd3bf2661518,0.008978107056243764
ck_2ca91214c357c072,0.04970388210901029
ck_7f3132d6be389657,0.07583839534896197
ck_e7a6b925c8f39a85,0.031787533114774544
ck_c886adec7bac250a,0.0036248829553727213
ck_c3f360c2d0ea0a37,0.007717246289990094
ck_a7acd5b015823793,0.05574063920623577
ck_9d64187c0800f84e,0.006144960141474023
ck_5d4ed73b9efd7d11,0.028555090282533706
ck_874eca6776b34dec,0.0014486548941457674
ck_96a9221a87be93c3,0.04022185527988516
ck_68dd79a51eabf5e6,0.04448175205645231
ck_8311cb6755b2016c,0.0036181131142225586
ck_16fc77b2bcf5ec03,0.9708578628073466
ck_ad9e2088a33c8c72,0.000776147188353573
ck_7176bbc97b1e42a1,0.0019038587498986278
ck_80dfa54b30f65fff,0.8415613077656017
ck_31c54d540b128843,0.003200532243864406
ck_43ea894480567274,0.11339425258510336
ck_9c9e8a38bd5a6c88,0.008043190837326268
ck_1c2dcae19539e148,0.06119572715936613
ck_b0fa8b84e94d8ae0,0.015577128105913362
ck_4ceb43ccd0a81c2f,0.006489895730427087
ck_ba845332b730b596,0.0026152784784388558
ck_73d3e8c6077f61e6,0.08835982990275124
ck_b5d0d223ef56473f,0.012171414975806687
ck_949f08f8e80e93ea,0.0010295982949431754
ck_73de0b49709e5f8c,0.005530054357435249
ck_b5935e9722a39819,0.0583852482530272
ck_96247fee0eb44420,0.002742958634455149
ck_a6def1e4b2d57e0d,0.03144146688556997
ck_aecdc5a96321a2d8,0.004682897397770257
ck_bc61c59970f8de49,0.028793428266700317
ck_c43b4175fc9ac5bd,0.7455348361419485
ck_8ff7a9b23a55fd62,0.0038961434922132193
ck_20c99b645f462449,0.0013136055376685985
ck_a5ce2ae36fb410d9,0.0009229484928565878
ck_96fb9bf556842bbc,0.00806513216349058
ck_b5e4c6dbbed1b773,0.029660688081391513
ck_2085433978e72ea9,0.048817013026063484
ck_2c6b174b063ec637,0.00981115915311996
ck_b20b81b88dabe28d,0.0024720556510191265
ck_243c18dbf150831c,0.004634168739486955
ck_2bb6a17e8eee35cc,0.06030712651109321
ck_66147fb994495396,0.11416798905272056
ck_73f124f075ede0fc,0.019348626376234548
ck_2e315f1b1e533dab,0.0012807620193264905
ck_16c7bf94ed3e7a6f,0.0019618211514015444
ck_4a0eae220a762ac5,0.0032856430905891547
ck_dc16f939c2f44ad8,0.05670356139210063
ck_817926b449754917,0.007199048867220959
ck_0c0dde42ab64ef87,0.0110310048361771
ck_cb3a40594da6a2ee,0.047229455487870366
ck_d0dc156441fcfdcb,0.015353862986311645
ck_66f0945add423e9e,0.007051116939000991
ck_a74f6a3030f5d495,0.008274384620939174
ck_1ae460f331e49ae2,0.01661565114889644
ck_2d177b2f4f0b40c9,0.1171787897444488
ck_92e474e4368c4791,0.008720737579068983
ck_3dee83fa2d109484,0.000982028076553529
ck_80e5ea27848069fe,0.002916389636034198
ck_ed0c4a83701ca230,0.007962795366093515
ck_0b8b7c5c581fd161,0.0008475588175929548
ck_60bf8a2870956fb1,0.017373316584290952
ck_73a54b56a2bf35fe,0.7855844919507387
ck_2296d7a563424883,0.0036579846455475212
ck_bc19c383560c7477,0.011678683737265338
ck_861d8e3d88f1079e,0.028285627338598168
ck_3f090fc96c24eb28,0.0031880388221066933
ck_9a6a1f8102febfca,0.017776381487210707
ck_541b6ad5d2fa5a39,0.002460654569711112
ck_a760d38d1bc4de97,0.008127358447198349
ck_7dca4d7ee10b4eeb,0.0034983194751123207
ck_15220e78d1545e40,0.014820764284601079
ck_ca24bb0de508efb0,0.0033020283925841486
ck_56b389627d8f02c5,0.9677158147491
ck_48a6754977a44db0,0.014283635546612152
ck_333a43ec339a04cb,0.009185750915022581
ck_f22aacaf86a65d7e,0.05178988315594546
ck_04bd8a1ffaf3ffd8,0.0037700823633198487
ck_2737a72de6b700f3,0.0368354826295886
ck_c35e03b0dd0c3454,0.016686266888163607
ck_e0571312f395cd94,0.016624717791156547
ck_09fab6b9825001b2,0.006409020297412656
ck_18c3a095606209e8,0.006510391301539917
ck_2a97db9377d01e36,0.0023527781384653024
ck_f29dbbfdd2786bd1,0.003626665065190189
ck_35d6c510ad29362e,0.10025990061696008
ck_5468fa99c945d785,0.009961242666650416
ck_6f8102f62c876cc9,0.059600276827219446
ck_91955aab3424ad16,0.004424707031653481
ck_9a43c0c73a39d759,0.04167585712434284
ck_60b023af6d1e30bf,0.9255233907588896
ck_9704c5cf8659cedc,0.01676270839821143
ck_7e5f02b51b9f78bf,0.06529415654166476
ck_7d3a88d1aa649708,0.9359562131852115
ck_8250eddc1ecb07a0,0.13910648596146674
ck_d979ef95ee44023d,0.006660266714762078
ck_5e5461dac83531ac,0.06062644773948687
ck_d1bb8890081e0a31,0.019658155097457837
ck_32246c62640648d9,0.001451278361655133
ck_77a40c7d2f862a32,0.0021607554301937802
ck_1c8b94efe9238f5b,0.00534797552811353
ck_eaf3b6d11bc3cb11,0.0016552388778748018
ck_a4a7ef3ad799c380,0.007083908141632338
ck_d5bd8f68da073cd8,0.0033423648398850916
ck_6e6258227fc8db7f,0.0013654720885832423
ck_c35d444e05799db6,0.005276640543774612
ck_74665e1209140ae8,0.017733947482630835
ck_353a272478f7e903,0.008846370930500277
ck_a2c9796ea229a4e2,0.007982340451108518
ck_e0171f91cb3411fe,0.015867890617586276
ck_703499f5410280f7,0.0012678199636548338
ck_ae3a763997f8f385,0.03668119827010401
ck_f7ff94c3df5ac874,0.02218520273999745
ck_f3c16d8f747db046,0.03863781175370703
ck_7ef019ed77276496,0.0035195603278652425
ck_d6a4faadab58a3de,0.0029360107751567116
ck_ba7b78d31d74c794,0.017603671862572633
ck_36287d063350ce9d,0.004745296854652411
ck_5177fc7137ff26ce,0.0032312291442670553
ck_dfd4e79aaa967b63,0.010209394148508183
ck_fb44d15fb93a7157,0.0080301342003159
ck_fca478361870a4ca,0.047915429313481014
ck_e57b94fe57341058,0.0070461445787601135
ck_5448c946cc4758fe,0.0038696193849024167
ck_c5ece5ffb8800ad4,0.0037682068108564207
ck_11cb98211b2ed134,0.8764960094672309
ck_f655399ac75c4450,0.011434183935138436
ck_c817259019588d30,0.011975109862728395
ck_8740a14d8096c6e1,0.026717853038786054
ck_0c5ba86f4e05b38d,0.008186976158936158
ck_ccc917533d4b73d4,0.014681176969646482
ck_9eb80edfa43203de,0.011061977551316913
ck_d1a1cf4cf61d6801,0.025537352174913742
ck_b17c239f160e6017,0.010776425491673845
ck_410c3e13b48e0415,0.0023369832789603305
ck_ab553954435e8854,0.9254117474370105
ck_bdbb4230c91e1604,0.01817095266887677
ck_8fd4937eadd64fb6,0.00574219956264063
ck_e0e90b196bef3c11,0.0012174999154675767
ck_3dc4d464386f0eb2,0.12091839306022227
ck_51bbbf8f8e8ad005,0.9974032648841706
ck_c05737ab74cf03c6,0.062212422846339155
ck_dceabbe04d99afc2,0.0025227362764791064
ck_5b86fd14e85bc9c7,0.8212129356684894
ck_d4febf0083800424,0.009666283632835393
ck_77d9f86dcf251739,0.012766857164844598
ck_b4dcebc543deaafb,0.012978500354940812
ck_cb856e75c949b0cc,0.00037750752121189804
ck_61b067de8ffc1ca1,0.023745583719653914
ck_c0e8560ccfd9dd9d,0.007039952919587693
ck_173e1198c341087b,0.0018140885386349532
ck_b4d55bc809000276,0.01179125999775438
ck_839bf139296b5cea,0.020973043235838817
ck_78cd402a2a4f2e35,0.0027185389852372073
ck_c2925c50ebacbdba,0.0037788655529530633
ck_5e3bc76eddbdb0a6,0.003342024814521882
ck_b7793edca26fc512,0.00781557479119632
ck_d79bdf04d6f31cd5,0.0028121017582376
ck_4b97d19ed946f503,0.020540957309487073
ck_37139b41c5370523,0.03133356715690723
ck_8c346eeefa9ce692,0.016412553004223195
ck_2ab7eddee2d8c49e,0.007243460847568285
ck_29da59ea3bffb9d8,0.19144356461237932
ck_c1d05ef0ec6e4be7,0.004342024285389573
ck_3882423b449f6291,0.9167554606443348
ck_5647030283171ed5,0.873498904974707
ck_efbdcd9c181e72ca,0.023659936633508603
ck_192fdad892782daf,0.15183252351350238
ck_0bf2e13b9f2601ac,0.15281039524645448
ck_3d6046a533057795,0.010478038610201423
ck_279a1d3a3836e5cc,0.0038716476678188885
ck_c375e929becde422,0.0033189065429108005
ck_a59e90219939a1f0,0.004213000708664232
ck_4e9fba1ec54c3ff8,0.02266734577445586
ck_bcbd8588a13f5eef,0.0034084650352342962
ck_5f9a7ff990341bdd,0.0031601872651504893
ck_e0403d507519b7d2,0.005634388869598088
ck_c9490cb61aff5112,0.00581534520014468
ck_41dd44308e6a665a,0.1517869022312366
ck_76c23726cd7ca947,0.0015240371806076406
ck_9be551300209fa83,0.015535422662050768
ck_a98848eec6c9581e,0.008887360374010644
ck_61176dafb33b2d8a,0.9731962908249299
ck_92de019e05971ce3,0.01719766196972187
ck_5d644224135d7c65,0.010097634820751879
ck_c767fc454fa215d0,0.012946784569431602
ck_5df85a8924e11f27,0.02288392057701313
ck_da2729307af06ed5,0.212454317189521
ck_7c6b577174af7a78,0.005976801147354725
ck_893b8afbe11301e1,0.0028962989453006223
ck_e06f6fed020ae014,0.005505264777009912
ck_386680372fb54857,0.0057742103174743
ck_7a7f3c4fe0c9d2ca,0.004511797589828148
ck_f908b527c4db422d,0.02311578326482737
ck_ec2eee6a133e9a6f,0.020489221640495468
ck_d98934f9fe0b02b3,0.0015337972455474202
ck_398a1ed77b0130e5,0.005099496381235453
ck_d960af7a55b892b1,0.002606575731251751
ck_4637e54a9f79e2e7,0.004796025665501837
ck_02b9f418524f6650,0.006856600633644757
ck_d4b23804cebb045d,0.030812628331119297
ck_35b1939c48182a9a,0.010211292233123538
ck_2dcbb71e39d64305,0.017410877468353802
ck_47a884dec960ff2d,0.003327963616327822
ck_71fd8c346fde5cca,0.07287809360622662
ck_98e1992ac8e7d2de,0.02600178651218436
ck_ae7780327e210522,0.018814453544458223
ck_e6c584b4b1ad6d9d,0.011249762372034653
ck_344b2e326a6c3dcc,0.001947130473923751
ck_9aa899a5230b0963,0.01798584802413359
ck_e48d14d5b70ef5aa,0.007144154789092386
ck_59d380a0973b3951,0.01341258490737993
ck_11318f7c041a5ba9,0.00299819185845518
ck_7061786fe2f22f5a,0.010268209268188671
ck_e77529651c416cf7,0.008458067369481438
ck_7f79878197340435,0.002129133622859789
ck_b0a0fb0ee9ebf106,0.004118267613419573
ck_70c7679199776a90,0.02054213770254155
ck_b9facd2210daca5c,0.06586800569133602
ck_9949f53c155b8dde,0.002209114546777459
ck_1c607e24f2c4397a,0.02840366675294882
ck_aefd1ce3ce093cbd,0.0011790342312251849
ck_5a29b7018e43280c,0.0017601448391880974
ck_69eb0b2ccfbe5f95,0.022023174800013694
ck_fe037765aa465c58,0.046611817315785446
ck_5e512ef5362a3dd6,0.00720470023322987
ck_544a9e80b7fdc279,0.0027421638675620046
ck_7825494e654d5695,0.00633701013760254
ck_f1f2c3c623553f0d,0.0022832685372763412
ck_52730906e5b461eb,0.8939174199305444
ck_01e0689157fe9617,0.34019194907551864
ck_9da82e567074da9d,0.05630114436674546
ck_6a17384072f904c0,0.0024436104913075907
ck_8d84d771a21942a7,0.002651825691569819
ck_39638880292782a7,0.00649200419983498
ck_7d51c86e0eec72ac,0.017918042875927083
ck_45f4c821c70d134f,0.8751974348054363
ck_0af3c13ba56ce57c,0.0022335800252336045
ck_0789a05e061b2784,0.17972091529315568
ck_6ba091eb42ffa9fb,0.36346409817351116
ck_265accb3c5c32620,0.07594957080511651
ck_179039559ff7566c,0.031639603038473
ck_17c0a6a92b5765cf,0.009060587720393708
ck_59371c9140239fd7,0.005738535072439704
ck_f9c4f8b4ce2691f0,0.012646341946634974
ck_a2637e4872cf4811,0.055346052813819865
ck_1de43fd6c6c22a5f,0.05752180643907149
ck_6e4f31bd108571f0,0.003308579949761051
ck_da06d97db0b18851,0.001953251454398425
ck_e0346d5081e640e8,0.06369907957801332
ck_c1c7d4e62c9fcded,0.3129764846906756
ck_2595669e421299f6,0.0234213965626463
ck_3b6057d51fd4c7d6,0.0019619581801544627
ck_c5f8ab515840a0fe,0.005079992367061697
ck_435cb24538c6f77c,0.058231051743196004
ck_d84b5403da4cea7b,0.005554622361482908
ck_c2b61a98d1c8f6dd,0.8253502740866544
ck_c9dcd92b2f836b61,0.04627999032203159
ck_9eb5b3f5f672c2b1,0.0010379835804247839
ck_e4cf189a8d31649a,0.0032741247870575543
ck_6b114f2a48152b96,0.002475354956334068
ck_3fb95862b70f505c,0.03707442420880525
ck_7f780f465c29398e,0.002673247906143852
ck_ee387f9da79e67ea,0.024720163125159185
ck_fa3b1e85d27af2ee,0.07823132654422368
ck_e739eaaa7a1822f2,0.010557663042562029
ck_dfa0ac11fcb1dabd,0.002399848585663639
ck_6e8751b571ea54d1,0.022409890678270834
ck_2d695f8358383092,0.015877164168956633
ck_e7dce27edb700f27,0.004259374753203138
ck_e322da8b213eab52,0.0016559650358740953
ck_d0b32e039abb8200,0.004711241028783164
ck_b354003302b272ca,0.0026198115849999865
ck_f7485cba392bc294,0.10508175291035844
ck_d6a290ff8362c7b9,0.08852804370285622
ck_c56a44fe315c0389,0.009493536336522298
ck_f77dfe6512eae322,0.017286307584513026
ck_35fe969c58b9e70b,0.0635159147707432
ck_4c518637db2322d5,0.039095813966201674
ck_cb61902798ecc4fd,0.028780866918801235
ck_56e6cfa32156a916,0.003235591214419108
ck_343e6ed2b9d35c01,0.0026191664579938673
ck_51440f64f7250ad7,0.008545410673948001
ck_295bca29c34cfe2e,0.0979366318390611
ck_dd30558576b45e7b,0.011593980847785259
ck_3a30132a57181fe3,0.03820070439351123
ck_4a733aeb833406f4,0.007254076200805075
ck_1b0b7c3d35ab1259,0.01666633856447062
ck_962c3bbf27cd4b80,0.050645189836006965
ck_9528e1d6b1707870,0.0035404770390422384
ck_b3263e7f31aab45f,0.0148384448404919
ck_e69195a3c885053d,0.0024298884368412514
ck_a907fa8795cd4baf,0.0012968823828536714
ck_205c3405045bd835,0.0032007875815056016
ck_e81fc223bed3c46a,0.025585684892751086
ck_363751deae40edfb,0.14438994378313236
ck_6176baea8cbebbb6,0.0018572618710258587
ck_633e6579f5c74a5c,0.8061117864902767
ck_ddc11fc481eef58d,0.01695018849523476
ck_e975002c979e12c7,0.05676605364336901
ck_8e039b23acaaac00,0.048176981370352215
ck_1d6990d94a4d2ad6,0.03902690413075731
ck_e7b583acaa3171a2,0.03393229894047284
ck_c0133f60d39b2fb5,0.014705163615439118
ck_7d6bff85e7a694bc,0.003864136010908647
ck_d305b4d82f63f647,0.0032717187323828187
ck_22bd0fc71f95e048,0.007256656575809749
ck_9a65fcfc7916f93f,0.0015542521709914256
ck_d61c837b0106085a,0.01303200922510594
ck_be86a1db08dea456,0.0054922293643451595
ck_90489c405e6886d8,0.005148226682137566
ck_0add2c321d579d75,0.019694967816741446
ck_482dea6eed92cbbc,0.0648694881986318
ck_c24b47184534cc2c,0.9827112090819463
ck_fa04ac31e596e7d6,0.13092881165339226
ck_084322dc5a3a86f0,0.004867741802376846
ck_ccb72a33cc1877b7,0.010685027257014956
ck_afaf374009d3b248,0.0045377069175530395
ck_b53084ffede19a8e,0.0010450366769435304
ck_4760216154c8cac2,0.5969957978980964
ck_37ad3a65db673e70,0.004544770681727196
ck_0c2932cc0d553694,0.01641496306156459
ck_86b853c52f20fef5,0.0018723008508599996
ck_38703b7546d35a80,0.016595395590576108
ck_218b7e6e6dbd2da0,0.003989750017596695
ck_402db4184982fdf5,0.00317942466501235
ck_f917c82af80e4a79,0.06797206795679636
ck_3c6417a233c68c73,0.026516501733685072
ck_98068c397d70dd3a,0.012072834764605156
ck_b1cbd6679c0f8d95,0.004994489069348487
ck_9e962f9bb0e7bac2,0.011150189449104387
ck_b08247c3ad567d92,0.09965934942653984
ck_3ef7a03ebb81cfe3,0.001415840398496263
ck_5d7ae0e3562e99bf,0.06650927071780571
ck_c91a628236baf91b,0.040311544050647706
ck_7f8e816ca51755e3,0.6180131333583805
ck_5aadd286d188f5c3,0.006169774912561499
ck_a037aff5f8128c73,0.002649961269763714
ck_5df6529ce8290906,0.01154392270389926
ck_5f3609511443e5a8,0.003065105799389579
ck_a6f61864fac3c8fb,0.009019463123951459
ck_2733fc6ba23ae46e,0.010061323165744821
ck_22bfb9246646eb41,0.8031475349073055
ck_bfc2a57d8fd1610c,0.1282054305234282
ck_49839e761d0e74e9,0.007617074431982474
ck_aa4ba931dd37481d,0.0054545333366113145
ck_2f9fa0d61829f815,0.005814968741237623
ck_5b82c774df10d49b,0.0017406789575238131
ck_411219470d0a195c,0.009012236639914706
ck_d07485ba10514a2d,0.6634519193349876
ck_219bef979ee21bdf,0.003145175167205013
ck_eb1006e7285184a6,0.0059759700693486646
ck_fd242b18575e3063,0.08467887502609436
ck_95188150ff059c70,0.035612806279968816
ck_a9ca2f447b984a6a,0.00977116906538574
ck_2dd39723c4088b64,0.024386158499354264
ck_aa2b4c662ff213b6,0.03479246879239608
ck_1867b1199c864db5,0.015834142567715065
ck_850ec97a5a0dab9a,0.042189651024882195
ck_562320295fa35875,0.004408448069188525
ck_bab5759b07fe2bea,0.0023146184116822266
ck_b9f1465d803e57b2,0.16527130152094566
ck_8f21f2690c32c691,0.10330735819914463
ck_df87d6f61a63eb21,0.007920893433922672
ck_770475876d0e7e6a,0.0039081129477421695
ck_b4c014d5c0cc9eb2,0.0034513778875474646
ck_3add4d23124c9290,0.001558754606204601
ck_bce5b7fecfb6264d,0.0510096106049935
ck_604c17cb97dc89be,0.04614521004290034
ck_e52cbcd9aafd26b2,0.0027147369627518888
ck_0ac9114076f5bf3d,0.0013768146491101945
ck_dcc125b178b79566,0.0018170532949321496
ck_4e333c09f0c37dee,0.009471412099340855
ck_ff7e31ff8ba731e5,0.0053459012174384675
ck_8d0532d24f1070d1,0.0019481564515530531
ck_3689fa41748a6f6b,0.10011405400137068
ck_7509eb97c1948b16,0.005208899460854883
ck_a9161cf1ca22a6bf,0.006085043802054983
ck_bed3e3db135b782e,0.09748102241692037
ck_9040edd974ef8e3f,0.5368892299286347
ck_fac32d76ed40f683,0.02003439118209427
ck_3d7b1078e2d57c69,0.003942182918801965
ck_dae09c4e074af5dd,0.040034641177802935
ck_fd84507228467b40,0.039350369403127056
ck_e2a2ce9b8cf44c63,0.01724023472055777
ck_cbe716f351d660d4,0.008893257388296206
ck_cba4162ef29a6d27,0.010926931010693851
ck_4f1e962ff8a29732,0.0028199804280354913
ck_39a81899dded61e4,0.005001715116165838
ck_25382331551d22a5,0.026211877981384395
ck_6d64e1c07b19856e,0.0012944466396284356
ck_165a868bdef28ad3,0.03707968697901649
ck_88774ae52e30e877,0.020042452039016282
ck_fc7a9d0643570053,0.0008328338248379802
ck_c2017120b3b88a46,0.0014099912670732784
ck_d115ac6b9fd62a7e,0.007621099439473704
ck_439cf7d51ec7de0f,0.0014915354928666006
ck_2468a7e9e68a0927,0.0014250538179559453
ck_7c418947124dee8f,0.030158590570699882
ck_fb0cf32c4a56f740,0.017694292435749045
ck_694eb6c43193afd4,0.006790338679287198
ck_993beb188dd4abb6,0.009647312503655225
ck_77fa39d3b733c226,0.04724918198579833
ck_49969a9abc47cb69,0.02537219929513863
ck_d3f44bbe2f7e9b2d,0.025835283699919213
ck_fcf5b8216d0c18ef,0.001070764313109959
ck_daefe1e2d2bc362d,0.0027299046382065163
ck_9c9287cb28950eb6,0.011832486323486834
ck_c1d1a625b885a975,0.010131985942004488
ck_71b37fe47490b4ba,0.0014543861397200682
ck_5d16e257c0635f7e,0.6189134838223118
ck_15918075563eb074,0.003997919041062075
ck_9a15fdefc47e8d11,0.009481812031206136
ck_6f04d047d1dde75e,0.0009201108606594949
ck_1af2c0b3b8d202c1,0.0013872246284735352
ck_174be2231c5fd2b6,0.0007077932423942191
ck_bb0713a2a1d65982,0.024262102779032936
ck_0daec63bd5b0729d,0.014333623546336305
ck_c0b5cc3e8ad2ff44,0.011500927260805406
ck_35bee1fc12664644,0.11756362876073431
ck_a1c7cf63467df4c2,0.0024793458727842867
ck_ecb1e15f0b185ceb,0.06656370833357197
ck_f280d31f54a4710a,0.02063661966865353
ck_30f4b2ee8abe1342,0.5045190905003797
ck_66bed631354de5b7,0.005232604052273467
ck_c2d3ecd7278eba2c,0.0017321334467655352
ck_e901dec0e09eccbb,0.0006702105929589688
ck_5d038ecb3c8748a3,0.0025109228444567854
ck_283c5bea94b21e80,0.0015196072105340204
ck_7956c251b85f009e,0.5741918130316226
ck_9f5f81d771146aa1,0.0008009078338338529
ck_9323e6fc1e168eda,0.7813625128826082
ck_10495d3a635b8d69,0.07076055784325827
ck_1982d571cd36eb0c,0.00579922746525272
ck_4f5d7985bcc2eda4,0.005284641836675496
ck_7df526b2b4410bb4,0.012953898180500736
ck_dbb498b1a346a402,0.0028650092818203222
ck_ef059997563e3330,0.005807304639695607
ck_02ec4e06709e6b82,0.0036197947324064297
ck_9782c86ba6485f88,0.0018838246928097266
ck_d69de468b44143ca,0.003978814440524412
ck_6430a8792f400e0a,0.005695297942560257
ck_8285bd3c90af94f6,0.0017527717818159188
ck_985c9ca112000e9a,0.0036587230822058164
ck_e679fbf4f4f4aa07,0.0035628124424511103
ck_016e8c8eaf9d511b,0.06742499796499521
ck_bc996c523944644b,0.015488784524603127
ck_5b8315726f6204e0,0.011141887773859622
ck_78181f8e998e442f,0.0024445415864843578
ck_71c68dfd011dbbbe,0.6497048603133893
ck_db32c95ce2b6f502,0.7893769351726577
ck_755010362a9b1bc4,0.0021599940567682166
ck_114141d85256c9ff,0.001539309038902723
ck_9d1a5cf5a3b87e48,0.010209137162789343
ck_ab640420858ab5c4,0.17026464197639563
ck_97a8dac48dd62488,0.2429333216503323
ck_879cc3166fe1bada,0.0031045495862618835
ck_b0ed11080076e381,0.012430493212430827
ck_7334a9ec656263b2,0.008889452488732375
ck_6494f0ef13ce44d9,0.015395754221128363
ck_724e459b9ece38f4,0.044917159596343785
ck_7fd8b1470401695f,0.6510659103391776
ck_292f81186358b0fa,0.002076700444967136
ck_fa7de64d37287615,0.007924786833314133
ck_d00e09e66ed6458b,0.12082555807266375
ck_b8d210e741be186e,0.00375913864643881
ck_3db59982cbae4410,0.03630368541065449
ck_69887d0a9aaca6df,0.001196987832282806
ck_4feb21e2fb0b3977,0.009806867746969273
ck_08c6cc1e143475e3,0.005167548660919043
ck_fe6e168cdbb46b9a,0.05827098428265395
ck_07f1734be7fac56a,0.06903822852468096
ck_d66d59981307db93,0.04498362394139078
ck_f928dba0d587d7c1,0.007410035528493461
ck_786448fe3004cbd0,0.0011012674997197326
ck_29ea329fa40ace62,0.006316066085078535
ck_7ea52b6f27edcb73,0.009530597884095587
ck_18bc51bbf3ef198e,0.03613641797954918
ck_44950df09ff14ded,0.0025305923630624828
ck_c1466b52c0a10b93,0.022279037591465625
ck_6cdac067cc4db5c5,0.04895275762270066
ck_53f55c6e8cf2d432,0.0046212444234458635
ck_95945f48453ca532,0.018056382203345045
ck_87cce4126e215153,0.0064731416560640355
ck_1ecd5516c92caa4f,0.001198328917227973
ck_819b482bca14c068,0.4110520357981063
ck_a61a879dd46fc9f2,0.006333999623861342
ck_af70aa32c009c3c9,0.013985898694728095
ck_f4fe78e249092ab1,0.018684982304134058
ck_12c46bc52bf45b36,0.06383001280583935
ck_f05f5e4b40afa52f,0.02806093171021195
ck_0f8cb09d3f4fc980,0.08223482316546421
ck_80a64a7f0275a71d,0.01688298053383656
ck_683af7b1540a0b22,0.014127764089189787
ck_51fe0b613c076cbe,0.004215606752142201
ck_da1a2450219dcf19,0.0073569850841530785
ck_2a7eba01ceba6c2c,0.07884683523147969
ck_4e329e29dfa743ea,0.34193496926816147
ck_0274d881d6db82c8,0.007455919465343473
ck_0af5b7d128035b35,0.03943195996989272
ck_ae0a7be6b0a0ea68,0.013878210139796782
ck_de5bb7a4d091386d,0.25591479269681827
ck_2bb7c17168a9d17d,0.007163233867241332
ck_0ffdff7b2f5fdfe4,0.002252084446386385
ck_718a8390b3d42d7d,0.0022633789693641765
ck_7c4f12d70f184533,0.0013541055370893812
ck_d3e2c26b8adff099,0.0031961701634230025
ck_ac9d3d9754104cf0,0.0027214851058690896
ck_3b1766a1d51f8f0e,0.07293343491724133
ck_a9bf75bea912027b,0.018216214462260984
ck_687eab3ffe1f8cfa,0.033769076300911076
ck_25dd0b02af5b2f37,0.06387670710370948
ck_1747fcc466f0ae38,0.0013824531977190873
ck_f6e9d14dfb6f3c28,0.02271123465635174
ck_c6a7bbd0adc4d5f3,0.017208111356873466
ck_46656a23f4456d22,0.578894794374954
ck_7519260415c2998e,0.014370230197963301
ck_754f30ea19df857c,0.015277025931799785
ck_ba88a244d5f7380f,0.017699911678391723
ck_f268416945316815,0.011272185050371506
ck_21860dd2159dff28,0.0012084710552252933
ck_7a86ef4e2beaec38,0.0075864624512203506
ck_0414507baeea936a,0.01946854292146537
ck_60796eb60fc3043e,0.003029828945110325
ck_1e0841ed17fe0562,0.005970903875764712
ck_0d641d32658d6e0f,0.0030454850635720392
ck_b36086ae6d87eec1,0.009543798397525694
ck_962e65ab33b5c311,0.9644907645458165
ck_b046a42684468e63,0.004827890280554773
ck_ab3426435b0017d6,0.00392806472520493
ck_fcfe06e44d09a344,0.06982267845164403
ck_0f6d916c92189516,0.02830771407234196
ck_d4c8f0d957c3965d,0.02069629298567462
ck_2ca83dbd728af019,0.0014378618268897955
ck_2857a4ce9f72fbfa,0.0038322293672491806
ck_a60e6edc48e3d0ac,0.149556969528538
ck_0cbd3b27063d4415,0.28308176539881125
ck_612089ec90c37219,0.009746329806665465
ck_ec4e597f17f473c6,0.0032541870210413652
ck_1c93cc58f314bf71,0.030305104854019736
ck_2b359a979520276e,0.00861886542608908
ck_1496568ddc3b2d56,0.011103427928182155
ck_41d91dc9f5063566,0.018138897201955446
ck_4c5ff58afe3d7a67,0.0036335202432377866
ck_81709736281fa3eb,0.0013126661491429262
ck_d89abbab3d4957aa,0.008862056052731018
ck_52453401f88935da,0.036952061727039354
ck_a477654d34783e06,0.002382229922673768
ck_72dd0dbdf808cb00,0.021365711880456658
ck_c183dff3781746cb,0.05940204342607157
ck_c8b7f241810b45e5,0.002926416630048908
ck_f88028c3f306bc70,0.03440889645913316
ck_91d48d69e4f5d9c2,0.0029897174112469434
ck_b74b9ba6d7c9aab7,0.10031871947696891
ck_03e904682dc73bba,0.0029704903820719124
ck_fc6fed6ea96a004a,0.003989432942264802
ck_51efdd240e34c642,0.030245332829459508
ck_e78ab4ff52b5fd2d,0.00322477394296327
ck_4af7b97c24d89a45,0.015416335907729086
ck_295c0072eca7f7a2,0.0029642747427991293
ck_8abd1a50a9227463,0.024041797278520467
ck_ecaa6f13304e3dc5,0.0027075492647602568
ck_de436e7b319be1fa,0.991294829841592
ck_c802cf8f61466027,0.004567013923435108
ck_3d83e0a3c1cfbf8b,0.012109154895017368
ck_28d2003c2d16e4b6,0.0010293760047053663
ck_8ddaf745bbb9cd62,0.001392834208529961
ck_493b6256091014cd,0.02644527263873045
ck_a2245822cfea997d,0.005124326692408463
ck_f7305b3c64cf8a03,0.07693428312128223
ck_9937dad93a0ed3c1,0.004944160812530582
ck_d654449f9231ad76,0.001255926763790324
ck_850e2b59bc535490,0.011942750409143787
ck_e55e5bdfc0242aef,0.017634467064745224
ck_d35c51e981b98c5c,0.010184075873445945
ck_27cdf9c5e6f0915b,0.004852718788127174
ck_d328db1e1052d820,0.036620019229263175
ck_0ea30eff5f361cba,0.006661321608600885
ck_9994323f97109f4b,0.9801974848080428
ck_09054e97bdf9624e,0.003742435521959888
ck_723b4afc388113c8,0.00368008629371457
ck_588f6e6a6a6d93e8,0.006334980525421426
ck_e1d563fab4d6116a,0.003858640524460164
ck_53aca610e20598bc,0.019813390258413287
ck_c8131ddc7ed33448,0.009555698945561707
ck_899f88464305824a,0.017671343262148982
ck_1c17c65804f8889e,0.025115275576970974
ck_45a16ce12893cf9b,0.005693056349046085
ck_f9d481aa4f9b2808,0.7750248153748324
ck_1d5d74169cf892ef,0.0313084475810813
ck_aba32acb61c1aaca,0.02812663083674368
ck_ec4dd3675a8d28cc,0.009475505967710197
ck_5dcd443fe0bbdeac,0.004114070540566275
ck_3a47e3f54475e854,0.0021375940706509543
ck_a9aa5c344c315532,0.011512300196069889
ck_9652283c9f61fcec,0.0013230269683890418
ck_752dd3d2487f78ea,0.011619481009380848
ck_a821980ac4db9943,0.23656985467758734
ck_93e0d6befb67f7a1,0.007058382858234641
ck_e7a3881c3e36bd51,0.2275646668524962
ck_12631b78f8a03df2,0.003237820630193023
ck_57b8226610b48854,0.010931915332050554
ck_352657008983fd4b,0.09214481533611926
ck_0841a5c24fd3dd28,0.016065367998698416
ck_db9b9d5d30f74070,0.12296234630989829
ck_a9dded7f6294e44f,0.07733019402526861
ck_91a16336ce3217dc,0.012160696359934536
ck_371bd9388b287677,0.0015193416353670858
ck_f285e5e1912a7c62,0.00178999965023459
ck_368b65fca69fc415,0.041016120950014806
ck_d27a73596b6500c2,0.005409441084004546
ck_2d963f9b2c4d11e1,0.034199640600416165
ck_7c500e219af39486,0.009926911372957111
ck_7d025dea5951cba7,0.016261154150928887
ck_32f632706608859e,0.01849084706168217
ck_53816231f3ffb48d,0.00393442491409808
ck_9dbe184e81c1ca8d,0.18280736592065477
ck_d74123617f22a21e,0.016345634509087013
ck_275386782b1606f8,0.0009303144463062235
ck_0b0e79d33e50cba5,0.005848763280270499
ck_ba93cb604f792915,0.011045835946836075
ck_a86cd653472eccbc,0.0032347248680370234
ck_87771861e0447210,0.08666242470456041
ck_212380e0371d8a6d,0.009598255251830414
ck_ef0d702d7b0ed745,0.00412467470899161
ck_2b8f33e22f939372,0.5856107315765711
ck_480347ad92037105,0.01807050218257238
ck_20124c3a16c53ce4,0.004659061471245357
ck_c9e1e3229baae708,0.007778558089572963
ck_b1befe967f7a5ebf,0.03459671498086331
ck_4672167d7c989bbf,0.12268162027421452
ck_f0c44ee5e3a42e3d,0.029990103471391076
ck_c416357d20238a4e,0.01073770553287497
ck_d0f470f8078c91df,0.014533278104709255
ck_3a70b4ee59084715,0.044506883804662487
ck_179ed66cdfc1ce27,0.0026009519632127576
ck_387e5a7f163c7837,0.006541824030854755
ck_08fb463e69f647c8,0.9925253537706287
ck_732f725747393ec8,0.0032091329498725985
ck_7cc5e0fa3ca5a713,0.002622218745975225
ck_ad4a4daa826ac68b,0.0778372628809872
ck_472e0be7a3b533bb,0.010075098606194918
ck_7190177963eafdd9,0.00436462292426075
ck_647ac26c5900f082,0.005243838479431712
ck_272ae2179bbd8e58,0.0018453677232515835
ck_09b0d8af304646bd,0.0020205998810803416
ck_ca0cc8ea9f344408,0.001854210496495112
ck_332ad134fb909869,0.0038977178136578674
ck_fca2798914627dc8,0.18945839986187846
ck_4450b55f462ae134,0.003807162650235419
ck_d67d9dfb60b286b9,0.005820671275294373
ck_a9d2bb4f2bde7052,0.006627561138625252
ck_929bcae878a3ecb3,0.5899358630137455
ck_59a9e000fa275e1f,0.018780111319089972
ck_57f17254e2688637,0.021962096040630992
ck_0508908697f60ce3,0.12815808414459023
ck_946afc2943298d26,0.0051502870489257375
ck_7176d12b18f2cc0e,0.011665606070234235
ck_5c47b49c26cce286,0.03411734647884469
ck_b6a2bdb2d335e1d0,0.987341169261495
ck_1d58f6caaa4d012c,0.03231441657743732
ck_71c917295020ccc7,0.0030819934589119856
ck_bc89644ae3688995,0.008342727128566246
ck_e7c212f16d6df272,0.0033847098547218927
ck_c6d2e11a368184e6,0.0013630633586246184
ck_eed7f1f7548df15b,0.003958975590414587
ck_75b69034000ca7bb,0.01587742753591889
ck_38da3bf629458682,0.004280323601941724
ck_90114c891239d821,0.0056645047265634334
ck_8ee08f6777cc155b,0.012890087097254635
ck_bd86132499defcd0,0.017132171667882532
ck_b95fbf2b5640aa82,0.005084706374439481
ck_c530235393360e3b,0.006872016665779172
ck_be52a7ec43241ba4,0.16168835188422598
ck_d96eb3cc55f2772f,0.008713311537858984
ck_dd34f0a844fb115d,0.12106945765033716
ck_17cc7b411f448e66,0.027188962226051893
ck_856ea65fa27d06dd,0.0232584345421221
ck_056d5f0301c30902,0.021941183653411273
ck_e662b14b2bab23a2,0.04378787625603586
ck_209f574c8d92274e,0.016098704489135817
ck_62720b81617896cc,0.0018927816607826227
ck_041614694b77e599,0.005337499236309424
ck_461e3f7b97db8d16,0.04379353245949298
ck_1b74b798eebeabdc,0.010582316791955003
ck_0ed2739384f1d644,0.0073556259844941
ck_5a4d19f1b83feeb8,0.007877675396003536
ck_463937167965a1f8,0.08422677390096486
ck_9d7151dbdf100e0e,0.011268058732943774
ck_20a7d1ce6cc27312,0.005030089231002332
ck_6031211ff118cf0f,0.0009746888199778543
ck_a6fc92aa91e99b77,0.9577806795134794
ck_0aaaa9d2f75a0518,0.004304308333959538
ck_ec26e327cc1848b2,0.005390854105844049
ck_0e6bebf8ae9b9b03,0.008045966136996893
ck_e107537a4cb738f4,0.011590075177421423
ck_e8ea56e122a5a487,0.010233896657489899
ck_98149ed45d38c4d3,0.011075361048406368
ck_0e719b3a6906b8f1,0.001045689532467605
ck_0c6e7bd357e4a348,0.0015636760767594022
ck_d3b2b250da61db19,0.9596648285649916
ck_8bb6b0a292754576,0.15381928099094638
ck_87d70f5fe48a6128,0.014972011442268932
ck_ea9edf9c107d429f,0.003129053169536085
ck_059806c52cebe4f1,0.21460129536707048
ck_a72d6df666e1c21c,0.01731518009480348
ck_1d2b80ab6c4944b9,0.004372550012010463
ck_60557f077abc42ca,0.19269917777735507
ck_e5f5cb7dd6ce4a37,0.016533772028943558
ck_4c4a939154446053,0.002494302734658236
ck_50ede3eb561a202c,0.006394135285893115
ck_6d03a542922b2ae8,0.017556744998454214
ck_d6fe761ed0db3270,0.01964562414306305
ck_7f0cd6ea3096f985,0.003287199687770993
ck_23edb6d938a3b87b,0.004077038475990203
ck_799aaf9f2b9ef621,0.012637844503865268
ck_f8f6a03613b6dda8,0.009069946729019665
ck_7cffb189f4f514ec,0.8343062366769164
ck_c081e1967dcd811f,0.02316886463761276
ck_583d6ca78c97d91e,0.21778211617312052
ck_9332bbc7125219a7,0.001059368255533872
ck_956b5af6d7d86c65,0.7534051193852287
ck_2d634e3f24681c0f,0.025526304047794927
ck_7b35d218ed0c5a60,0.018169561498872503
ck_ca5b1057f8248f73,0.008252750048681859
ck_ec5ea81cf813597c,0.03378070383090618
ck_eaebaf4d28400fb8,0.010126844675685942
ck_ae2ab6be219219aa,0.015190788602206318
ck_d99a8b4c820eb46b,0.0027203294565366415
ck_bcfb7ffb7cd428bd,0.006186290269944484
ck_3dd542c2d31be2c0,0.007672587102682255
ck_c7dd84401e29a7fc,0.0015503487507092122
ck_c4bcc7cefd40f8e2,0.002505330204171036
ck_c251898b5d51e3b0,0.01443579383842498
ck_36d37be780c1291c,0.002857756058824877
ck_99b4f266b61ae7ee,0.007229068389689816
ck_c37f03995f0f0169,0.0012448259240939077
ck_65a23ac8e44eb901,0.0019443141298017348
ck_644b1c1149eea9e0,0.020949256207503358
ck_9cf44eb0237c2429,0.004696541205452724
ck_20541686a94fb71c,0.01186109592133219
ck_c18245be844680f3,0.005534535133093109
ck_56de216eda6b7fa6,0.003398155969300113
ck_406c4442dee45cd1,0.00233626774292261
ck_df1585c7d72a96e0,0.002675091299160528
ck_b8e8dba20676d87b,0.030014358282977986
ck_0ee6965e68efc177,0.03342259767307273
ck_c2a5c54ad8d0d297,0.0030446340969611714
ck_bf6fb7e6470e95cb,0.00103156876649861
ck_27fa694569140345,0.0016315396819681215
ck_e04166b0ce66393a,0.00746363951079244
ck_8742114f4f0cb22c,0.04705161081316393
ck_6eceeafd56b42576,0.2554971085953592
ck_34f9951b0eca1965,0.02277279371938378
ck_384ccecd342a24ad,0.0023767057396914554
ck_49c98bebd1338879,0.003516877377970596
ck_6c26c12071c91ff6,0.0028384670070781886
ck_01e5986ebb9a78f1,0.027968341316210704
ck_121db7ba3be29ee8,0.023263415213967735
ck_039e6d5a330cea1a,0.1698767840488067
ck_ae8c9163cf957d7e,0.0034797656731638702
ck_3f5e8f3f1df0c8c7,0.05443318323139297
ck_b1c51fdafcd80122,0.04984051059497387
ck_12e2b5ebfe8986b2,0.008337911024107756
ck_d55eb81a4d543c59,0.004517484690265404
ck_f85155ca5c312c7b,0.03175771915477464
ck_133d8a1ac7c0e301,0.9688640834618635
ck_04212a9bb9b28696,0.9952585898655372
ck_4cc11c7d3ca61f73,0.005865207568432876
ck_2df4854186ec515b,0.029100205185333128
ck_aa9b28e7fc43af79,0.7703701028134026
ck_47cad6c3def4c9e4,0.0015724883114207084
ck_fbff7b5da8111567,0.0031863756960860954
ck_bd25ea782e375b22,0.006197708427794745
ck_7989376f8cf64a9d,0.0053461466627863635
ck_675c0ca1ebb1051c,0.0016206960166669573
ck_1436f6e11d4008f9,0.006150415538745037
ck_812cb3a4482cc618,0.013815954838179406
ck_6e606f73a1094afd,0.017199675795139056
ck_1b708e2a4a0584dd,0.004001252231017779
ck_a60d6b324bae0330,0.010898912044290023
ck_706a4f673a9fda3b,0.40305141119175836
ck_a75ece9a9044eed0,0.004762264505679565
ck_9aa45c4e03c8c57a,0.0245718384537834
ck_9fe9bdce982b312c,0.012373618661215401
ck_c6fbdc5ba68a8466,0.005373566822750998
ck_ed0cc1b1c28f9511,0.039705540073576524
ck_a4e2607b4c8021e8,0.00211532504067835
ck_e02f93f51cc8caf3,0.0029817819757074785
ck_7084ed3cf20781b7,0.012879012240024041
ck_cd4c63155570d6ea,0.0016735192293477977
ck_d1b9e5d32d2d789f,0.004406336230810568
ck_68f56f6560a7a933,0.007242159178832685
ck_8bedacc6233c6269,0.004493930891277338
ck_ab7cb50407d6b13e,0.0271256618321603
ck_f17ed7e0fd687742,0.09310051273078127
ck_b0fe4b92fc70f72c,0.003107537018777264
ck_84d62b8196da2452,0.0072042583810071545
ck_9e298cae167f4693,0.0013882276568510793
ck_405b20ef9ad0ba5f,0.04084439223424883
ck_813e02e1ababd177,0.02041560330995083
ck_f234ab47061ba7c0,0.00178754521861525
ck_22b587c18363899a,0.011308352023607342
ck_4e862c2f48c38aeb,0.008042849448047371
ck_b89cb90a420c9075,0.00842689146037242
ck_be2251640f27a3c9,0.11306990153424801
ck_46bec0bff167ed3f,0.025329639945322658
ck_c0032232c2868328,0.004918119510401314
ck_030cf09525dba4ba,0.005660465374069444
ck_6ecf56236789fc09,0.9443607295275818
ck_38d4ed52cbe6d123,0.02760453364949899
ck_2d923d957ffd4d53,0.0028399013340462734
ck_3af1eb88728ed8c7,0.07269689526339859
ck_2f8120ca80a1592c,0.008199747946523084
ck_6cabb1a133f0b151,0.015925875778168903
ck_bb6cf7e7b707731d,0.8839357541396288
ck_c8307fecafa90140,0.0061957786323964936
ck_75f968be67f46d24,0.009317913910324896
ck_df6fe4ec5a233213,0.008207670851323932
ck_b53e88c0e927d896,0.0025008521499063764
ck_f0093064aa28f4d0,0.008685107457826509
ck_ec9976cabc63ff92,0.006026093118478363
ck_30dac0a58c5590cb,0.07069678312015312
ck_348a525791ae6475,0.02499333955236834
ck_b898d912d1181ef9,0.019541339412644347
ck_f5b1200dc6f95760,0.038688799516325444
ck_54978a073e7a0b1a,0.014159501787470708
ck_55933936536a4071,0.0028312413137865896
ck_d6ba7ffd2ae08863,0.011256122188382085
ck_404e2217fd87fdd2,0.0017803853098753513
ck_dfaafdaefa5716b6,0.027511436926683147
ck_556c62e92d4e7e5b,0.053242514487254866
ck_7ce44f4e06d58111,0.03794911132965865
ck_465cb8ce232c7670,0.013087164462586301
ck_237508ca4fb37268,0.05408898134875045
ck_ba4a6b9aa63964ef,0.009985546212166253
ck_4802a0a7a1882c88,0.4986720385014906
ck_9478dfe4114c30f6,0.008193674586225452
ck_5138f6c575dec64c,0.017007213887734206
ck_aebb42afe430e2e9,0.0024056632572760943
ck_004efa95555437e9,0.011316925971945219
ck_11af112667c98394,0.008466595617818214
ck_44e9a18a8645c9d3,0.0027133679522002166
ck_2605fd571219e28d,0.0012382534012333561
ck_dfc933493561d84f,0.004045048712101782
ck_67674348e68d1f25,0.009298317251753892
ck_dd97429277a2fa00,0.04558141342561123
ck_d3eab7a06eb48348,0.05074454589770364
ck_0b9fcff9667ec05a,0.009349487994277542
ck_fc4bfd6e739bddea,0.004960517804888571
ck_43292f70a03ddf2b,0.018993294920415137
ck_5ff6108056a3fef5,0.009897640380604686
ck_767e0be086b5f601,0.026079021836294913
ck_b8465b1a5666155b,0.11031477633016584
ck_ab2e3fc56f5b3aae,0.03751134698287015
ck_1833c81d693c1e07,0.9336011015701244
ck_0308e0602b856445,0.001377778739361218
ck_ccbdfe744acff8bb,0.0218139751986544
ck_b294aa27a0b586d7,0.002058782261291608
ck_a3747201f377626d,0.9624829316199431
ck_edde1d7d1db24725,0.07184551513562096
ck_ae3b47d6e1063704,0.003448637961754886
ck_3aabf5e0f4defb41,0.02509305570274528
ck_f034adb57391f3d7,0.01772589404032482
ck_533672fb40531607,0.21525006078293868
ck_2a244f1ae08ef83c,0.009235928681365514
ck_a35d81bcc54ece2f,0.005551615745036724
ck_78a61215675b38f0,0.0031452891298417033
ck_e013d88ea7939616,0.006078110481193507
ck_e5018f9418e0102e,0.00733929284235767
ck_d4e024fcda401a31,0.0038783368390455583
ck_f736cffbdb82db34,0.0008987872945058357
ck_1507f5aa50cdf3a0,0.01849227080100265
ck_18270fee7c8fcee8,0.003242747489166909
ck_95ffa1a805a1c9d1,0.0032616427312289636
ck_11132d245b94d045,0.004473435521811901
ck_7b93a622e40d8b14,0.035925679388801646
ck_3854c08d17704347,0.05289677087227851
ck_7717fcb100dc4b5f,0.007651226808417208
ck_ba54e0a1c328119b,0.44996558587748925
ck_a7afdac4ecbf2de4,0.7222016994669498
ck_ecfb771ed2352085,0.007978002131627557
ck_68be4fefc85a6b64,0.13490672919278635
ck_dac7c50bd6d0148f,0.013653597897452246
ck_87cf36a03bd63c24,0.3674185541434016
ck_8adb40b168b59d7c,0.02914170301043949
ck_8d2f62930777416b,0.030938572452453805
ck_9958b58da9e3c21c,0.014254342075788507
ck_9440335375701f44,0.02300854535927451
ck_e2f88e202b6f700a,0.024009943646080063
ck_4c7c50684827a2cf,0.0053924059170127134
ck_8a6ea4a79b1c7a8e,0.002404447050920282
ck_186dbff4b24a3bbf,0.4871094127042964
ck_220fda3c11c59b6c,0.039427642652166583
ck_3acccc69f8b1fd14,0.1349333205628411
ck_9de191bf79afd676,0.004467241983473642
ck_6de6b1663f9457f4,0.0016016516095535126
ck_062754f8b79b86e5,0.0026691420178348337
ck_aa153a89a52f7eb5,0.020005634197580304
ck_34a6bd3be642f15c,0.044291223963358606
ck_9371c700d9830326,0.009348498408501812
ck_a99e0c258ad7576b,0.003004423665626046
ck_0a7ba51d626e932a,0.01051115237580785
ck_852c50bbba1ead13,0.1565713824742862
ck_43dc13b6b6d31297,0.1720382834972811
ck_7d81b59d615a6649,0.0206097941708056
ck_39a3f1da060e88bf,0.015211723782887248
ck_6fb2d142c09ed3ed,0.023752489918749373
ck_6e5752b87324b58c,0.012592613725359752
ck_9441d48a12e8a4bf,0.0686666812972134
ck_09e9c51eb538b255,0.010989892880147956
ck_8d0cd981ed3a183a,0.006627849909003021
ck_57c07c45269ca8c0,0.007939470583701336
ck_ccfc9ab888ba933d,0.008616252239377502
ck_9658a6ef471053f0,0.005825761088351989
ck_dac3852758f4ea89,0.0011075290942132254
ck_b1ed2278f5f14d82,0.012168332518935121
ck_333544d173524f70,0.03596550520074858
ck_fd4582e3853ef23f,0.04074711388168552
ck_614d936cef98db04,0.0036008601605450274
ck_6bc351a3d57aac54,0.004150966518676457
ck_af5842fa7202ff25,0.009381422614097764
ck_81307759252571be,0.0012976680211541107
ck_b4d2f02d2cd45720,0.13677868134983134
ck_1bd753a4681946c8,0.9700996197865471
ck_46d8c029d46867b2,0.001521932421415401
ck_b7da6640fa2f49cf,0.3171053135128374
ck_9ea3d5a5a91fef9f,0.06821834028245033
ck_7b922518f667f76a,0.0010045746423108571
ck_2a5b31594206eb30,0.9450603741382739
ck_d9506476ad3f9e08,0.006580966004019952
ck_c8791f7ebd4d93c7,0.027918860149983828
ck_b5a3e20fd210017d,0.009035143503963358
ck_8e54386f4fe22cad,0.0073324941111578765
ck_75296704f5806f56,0.01890226745988493
ck_0fbbc7a6af300368,0.005492809959507223
ck_d19bf4dc0627113d,0.0028005012360541085
ck_7951bd4eb99a0175,0.0022736259924909523
ck_059e4fac6b7f704e,0.0019822825663461884
ck_2ce8931af02a2ce3,0.008755404951199511
ck_9e665618a4860306,0.005430986148373164
ck_6fce5a893613fd2c,0.0007470199433055147
ck_9e3fbd04e3532f32,0.16640349797402545
ck_55f2ef0de3420e3e,0.010099350452533663
ck_8d87658a6f5d204c,0.5954798379206275
ck_6d6ac1f5dd882aa5,0.0037635568669869583
ck_55d0c7012d7ef236,0.031848039185385535
ck_7738eb085e5753d6,0.009276607413504338
ck_0e6e05c3cc8c8242,0.006803234212809985
ck_8d27ff8383d48132,0.003016524184981061
ck_9afc3bb849f3a64d,0.013605576991323153
ck_27eb86a9898cdfe3,0.0112261405207263
ck_1d40e4fc541abe93,0.1389987233505428
ck_4fd9dc00e1913587,0.9818484530261887
ck_b26cdb2b7b165d2e,0.008562588890898132
ck_a79a27767a02e31f,0.014117740092550896
ck_f0c18cb9f951a71e,0.004518639384590699
ck_50460e0189de6274,0.9671075141650836
ck_5e5280539257c986,0.006321551367467525
ck_eeb854318b3a6f0a,0.004083998261735749
ck_943f66f28dd24750,0.000909901395417984
ck_984dd7452aee372d,0.03971385643101646
ck_ecaa6de0aca5e9a0,0.017592573246741412
ck_8f1cbc432e2774f8,0.05516359486684992
ck_d91d9f8445b9769a,0.26318061681485366
ck_73c18e03e3c7612e,0.0009079788104896325
ck_aded05ada490da20,0.006682775662568729
ck_f744e208183971f8,0.0010239200122427671
ck_02d4cef6358ad3b7,0.004185398707571336
ck_08ff5bd467226a5f,0.001564670072328717
ck_f824b326d5089885,0.13680573862417877
ck_3420f2fd520890f3,0.0016635390559428544
ck_1838cf8d00f5b1e1,0.0090953243328102
ck_a85182ad90b6f1e1,0.0008676961991448368
ck_fecb39c82c43e76d,0.0034319543074079737
ck_162513e73782929f,0.05808004629925019
ck_2c27b77c59d8f23b,0.09275346270657794
ck_4221e07b17388fd3,0.043327523637586636
ck_adfb8472d5c3d669,0.010075894731513197
ck_0742fe64055d686f,0.0023384749212250794
ck_5060aefcc8b6f958,0.004650988341308405
ck_643f549b4ac78a26,0.19339941337593142
ck_dba767885bd6ad69,0.021484379133127784
ck_0dda35c0c64c7073,0.9862579522835244
ck_38ea56d43afa5660,0.013885935409525993
ck_d813e15ac91f487c,0.09518968089933981
ck_4c840e5585a7b167,0.08174849447280683
ck_cb8551453a7bb929,0.0028354397149853807
ck_05a00b1dd5a03359,0.0037165538231680494
ck_837cc7fd48453a01,0.004541872374341924
ck_49dd816b31fba6b6,0.6579170011150335
ck_86a61d9a39768e87,0.020708042260715882
ck_cd0e76f0e7bb38cc,0.0375241912676181
ck_dbe58392635133ca,0.004430176984645105
ck_3caec7dd6f8d02c9,0.06803681051006785
ck_bfd9bfc5b6ab4a54,0.30882768305370034
ck_2103399bdb2898a6,0.004148446401503556
ck_329f7de7279e74c5,0.0057653595835151766
ck_9bf0d28119fc42c8,0.023511044731259385
ck_f781539b1042dc83,0.0022536381185151006
ck_9986c7d781ac6b4e,0.005199315502673873
ck_a627734880aca848,0.0007922246325015715
ck_2106e509d77fdb4a,0.31316719138908905
ck_420d1a9c604293ce,0.005948838535749597
ck_fce0610c527e2b56,0.011535396761567823
ck_073da541ec3f9d3d,0.00579078575582474
ck_aa5f3ab48c17fed8,0.07742597287379743
ck_0fc1086e1c9e04b6,0.007432984283616724
ck_5c33bb46c1a5945b,0.022456330293977905
ck_500948a8d4bd8e13,0.008874495042672629
ck_19becd44f2c3d2b5,0.06239357872148893
ck_7d0fe77dd5ddb656,0.04426171607423413
ck_f158d9e5f101bb35,0.00376039214765675
ck_cdd7c77823c2257f,0.03982991704870766
ck_6c7b41374f9b2e55,0.0036254145614080815
ck_417090dbffb1a63c,0.011791916578298948
ck_dd0e17605f970319,0.028166795166124747
ck_3646515079e6be55,0.008401217718129971
ck_89c8b06aa8c84b2d,0.061330080829408905
ck_e4d6dedd97233c07,0.009186582304345695
ck_bc82fb1895fddde5,0.0023370346898021308
ck_88a8b1d442ca3686,0.014935774055309126
ck_5791f8f76a629a4f,0.1003496750835627
ck_9cf5e88e97c8c7ea,0.002617529841422973
ck_58fd684aa5a6f289,0.001639778848790074
ck_9800c21dfbd8e811,0.00862620025532286
ck_8ae64df60ab6ccda,0.01908015840048439
ck_e535fb0f0c00418d,0.042262034545027194
ck_48011996d54855ac,0.4776632416133314
ck_ac79c72a8fe3fdef,0.19001167886369183
ck_b8cc2df5192bc49b,0.01977059375211474
ck_e96a5e1f08f8a867,0.005209387001953855
ck_84df6770549e43fa,0.002817619179148695
ck_e5f7b99ba6ec5767,0.021553533582470773
ck_8347455ab53ff620,0.006169024944193953
ck_a84f2cdf695a71d6,0.006189604299023856
ck_90456160115f9ef4,0.0042500264444085
ck_ebd178b3f3a9c50c,0.009895073820078126
ck_e1140be6157bacbe,0.0020814182532340785
ck_744ffc11d32b96bc,0.005282449586000689
ck_e12a9f7d027e3387,0.0024517641009223655
ck_cbe525da0b69f18a,0.0211904728332267
ck_aa59702537557ff1,0.01869363332078896
ck_0348cc6908f7f3af,0.0041548557305111315
ck_120e995d50956bee,0.028938458643097204
ck_9fcde1ff46cbbea5,0.001248539554852908
ck_54b0b070689c50d6,0.003062057784049869
ck_966a167758fddfd4,0.01520812221600078
ck_d5194f2e92fd6427,0.005210521027318447
ck_2ee84f3fa27f2cb8,0.0017321813837804178
ck_57d0a7eb7eae2eaf,0.1395515397013877
ck_6a2c4edd82e10969,0.0035616284823210423
ck_96e4d38ef670eaff,0.008426262111808865
ck_52cc2fd5095b169d,0.006928766906342365
ck_4b088920f3a844c1,0.058460763261296886
ck_8f3ccbd20d59f1f4,0.00426476993969397
ck_e5e5dc431bed6f9d,0.004082646487808301
ck_e8b5bfa6838e28d1,0.03245645273360391
ck_4bfeb78b47b7c6a1,0.04459236268989329
ck_a705c61bd679496f,0.004833874536277233
ck_731869a0c39cb2fe,0.028487215763318946
ck_259eb102342057ea,0.008009134912981268
ck_47a6005fabc33551,0.005956982571406181
ck_682262b455a9edd4,0.0020694807545167003
ck_e839d104854945f0,0.004196500818814953
ck_761989aa4c47d746,0.007963085645211494
ck_44211dc210139ed3,0.008144096537837563
ck_9915ceedf63a5289,0.07672000290448723
ck_da59ab47cb6284ad,0.003193538546915606
ck_e5cdbfcca2456652,0.002957263610183564
ck_13f2560c6a1ec62f,0.028378685539657417
ck_a0543e9b3abe1001,0.15780056404235693
ck_11c7a58e09e6547b,0.0340240199338166
ck_69587a134d43a4ad,0.06492953247834866
ck_28dc0de0ae291f37,0.03371870194791117
ck_298922703c5bbe05,0.017943490277450062
ck_fa5ba9ed9ed6a343,0.02000140804013311
ck_c08e64d424e56c05,0.006528982958623789
ck_598e036a28262aeb,0.03897213043334506
ck_3f7c870510083a51,0.020427311645199803
ck_364f8203a3e98d36,0.8689535684304225
ck_7333cedb61506ead,0.0038607475382017157
ck_1d96d7fd65f208b2,0.007720342794292236
ck_63133a79f23e2627,0.06560116957387263
ck_901d820e0b72abae,0.003951947527364158
ck_5dd80b3c01457bd8,0.007962760027015474
ck_c0b8067c144ed6c1,0.005782884365987539
ck_cebb8aa8c8f62c60,0.004738200966250386
ck_79749eca42ff1f5f,0.010885864638033474
ck_2cc1d9b587f6da31,0.14264384669501565
ck_ccc7916b56d42195,0.006417857992372643
ck_e43e53cc7b8b8e41,0.04606798134838473
ck_4ab74a6e7450416c,0.005823051325964247
ck_6e44024e9de301c6,0.0008316417621546295
ck_dd78cb6ae2866cc6,0.009963932273015591
ck_c363d3b050baf3b8,0.05740328726868623
ck_2d46291975f0dd08,0.002924064682395785
ck_76ebeb5aee42f041,0.05859395430355737
ck_8395f004cf4d4c08,0.0019094820810735436
ck_de7259c3741db179,0.030801399844922785
ck_3938e92585df2b34,0.015800632074520416
ck_af69bfcf4f07d932,0.024105950815935057
ck_1723900ab9afe374,0.03322695280707503
ck_3d58628d1c853c8a,0.005703578761899343
ck_12a074db100481cf,0.18217804925717074
ck_8716cbf892c50e29,0.005237759852311129
ck_fbf7351958ad9615,0.006781357648879766
ck_a50370907e6b397c,0.05632714480201193
ck_937402a60df0821c,0.0005546748674547411
ck_8ce9c5807acbef48,0.0013582567463443396
ck_acf7d65eaaa4c31c,0.0022173255383144803
ck_ec3eb6dd0967cac5,0.04013402361601091
ck_fc832b0c90c9bdb9,0.9535933808935193
ck_8129e81cde280131,0.0030851884170798364
ck_52c0ef68aa2fb8cf,0.0029588074105867867
ck_06f042e9b1b662fd,0.045915598118756853
ck_0bf35dcf7b38f650,0.0028029985462861115
ck_615763afc2e17a7f,0.0023426961759126855
ck_e72db9d4b2fc9997,0.9850994638841024
ck_13757bf0eeb353e2,0.008686358278763762
ck_abaf371ec8249c4a,0.1367868545097939
ck_9b7167da0920c37b,0.014118288962615641
ck_2e824b0b27494a17,0.019307099136130993
ck_9a0b605e9c3220c4,0.004234764981416552
ck_a5276af466b681de,0.0014016527866487628
ck_9e0383e1fb6e214d,0.017269284804032323
ck_6a27c44b691dbfac,0.002987607181558498
ck_af39767cf583905b,0.011070188248647278
ck_243b1b9fdd3f9a74,0.0026967604665373898
ck_c0422e638a9c6046,0.021081264781192037
ck_e0f3ea3373dfc4aa,0.020771127098742473
ck_d56ee1654378ffc7,0.01518865203598212
ck_20cd2f5666719baa,0.001186157844202395
ck_4dfa1c1e9b69fcc8,0.008760762362798508
ck_5d22e9ca1d15180b,0.7304472913614996
ck_f4a7ac178fd55f0e,0.00350757569360348
ck_fd5609bd23a1eaf8,0.007092783844733955
ck_49c3bf13dc9471ce,0.020429489866589545
ck_724085c3452d4693,0.09349805866350705
ck_e5d1462846154a75,0.03425281739337339
ck_c69ef0f3e7d6acf9,0.040095387362096786
ck_a2d0417791d4132d,0.0037941412087382454
ck_00a07fc2a9183c3a,0.0010777657272188145
ck_781b8288e54ba8f8,0.14465415588582148
ck_d74a62ab3804a81b,0.007038816207267008
ck_abcbde211b6267f8,0.0758053884719242
ck_16dbafc035574654,0.005941346068149242
ck_018f780215ecaf38,0.003727333991133901
ck_0b259620eac51618,0.0048878098915480315
ck_4f875342394c110f,0.04350788897436561
ck_399e45e5fe9beaee,0.004105517830204664
ck_36224a2d394ebfe4,0.16987755556546658
ck_c189b551bd111332,0.004314703320161482
ck_125c5a720ecb177a,0.1140578822959158
ck_76d010aa02eb477a,0.0007120092804200473
ck_1071d14c46c92379,0.3999261321570523
ck_61d244b2cde483af,0.01669347956552646
ck_2ff1860da2004c84,0.0011033982398277738
ck_c5b583490198672d,0.012104169340432989
ck_1294f7af22fade11,0.1518430960094974
ck_e3a22799716df39d,0.008531221316682831
ck_c77e22834ef97005,0.5153523383864945
ck_73d3689728270a2b,0.0012721147624366379
ck_295565fbf77ef885,0.003046672686785621
ck_80c0a7f54ff4895d,0.004486947286710966
ck_f1ef5cf7f10b16c8,0.04090323649914769
ck_a958b2461ffc21a2,0.02712706119321088
ck_0e7899a57cd617d6,0.0035963442996693787
ck_9d4fed252718f58a,0.017448983076137858
ck_83c2c34add971d76,0.0020016404438823834
ck_9ccc030ba2de9fb2,0.04852870654684157
ck_cd691e3466fb3742,0.007600819784669888
ck_49df70f908dfd069,0.05148030637339812
ck_362ce13eec1e33a0,0.0073534642772877575
ck_2452a30397dfc54c,0.004166435555395801
ck_a443d49c2b4863b0,0.002394821453916671
ck_c8b2e2cb349dd0ff,0.008131527499180061
ck_354909fecf5da8cf,0.015231869629078326
ck_841f598bbd54c83f,0.0767596974955749
ck_cd6fbd4e8724f994,0.0036900017565435267
ck_e0b3158111370118,0.010228054848966935
ck_4c2f2eb657c2c60e,0.008597846574274601
ck_ef346071f0b7654b,0.0048874895660378686
ck_f3bc10e3decefce4,0.013180916743738644
ck_189b6fbe9b9192e7,0.00662009332874848
ck_5245cbc5ff4d4fa6,0.004204685748255703
ck_cb42e3be6fe87f60,0.0034980705468224864
ck_966d4d713cbc7792,0.0037202788435710685
ck_1c8c969667cbaab2,0.8024594180672698
ck_d35e3aa9ef5d405e,0.09671818204836358
ck_a1c39df50a5873b3,0.03144588359161973
ck_a152165caf295b51,0.015664487247146714
ck_891eaedae139828e,0.0025456165320237333
ck_1a46b56f4734d52e,0.004585772082949827
ck_5e36042cfad96c99,0.27290030631544465
ck_02a8582c2603e675,0.01175953317225009
ck_6def9d0429e4ed4b,0.0038975053393069834
ck_e137400825a1e3e6,0.008677426364627655
ck_d91ab840848a54fc,0.0021850731334047612
ck_becb6e1c608e0078,0.002424976593664011
ck_6fd8c86ac719d7eb,0.21700027699853003
ck_3ed4d13f12fd9d0e,0.069900060579055
ck_007337aa99a4891e,0.0018318368518452151
ck_60c3d8306527a08d,0.002139740995651453
ck_95458880a54df0b1,0.47298003663001414
ck_b48cd8593533fc1d,0.8644171072105584
ck_021c6a4a7e3f1f0e,0.0007472920053189898
ck_764d40f865e710af,0.009363472560546655
ck_4b84357ae8ec7777,0.014191592717001086
ck_3397c7856b4669a5,0.0026606530747741958
ck_920bb003b42e6310,0.0018833798568619134
ck_8f59f11b512d5b7c,0.06389104151093286
ck_a3acf4b986afa98b,0.07723645209940384
ck_e89d25ed7bdeeaea,0.0029196399255304976
ck_70e6bca473bf6902,0.004378974447172472
ck_186161ce152836f5,0.011991415015620394
ck_9191579254663f5d,0.009559787416962673
ck_1e6628879e9d653c,0.025282648449442675
ck_b498fa91a0776ff6,0.007535543166580644
ck_cfc2384f22954830,0.0789605395269694
ck_17673a1c2867888a,0.0013076859676569715
ck_523dce06515b072d,0.03581815012205801
ck_c20638a325ead2e4,0.0029706089077375882
ck_d3877e1f907cc148,0.053570164651766915
ck_e9a2495dea8675e2,0.005900808258705892
ck_7e561caa5fa1f3f1,0.0324037162390294
ck_455672e652fe1abc,0.9344616562424101
ck_7f8f864fcc90ca82,0.059272970800306135
ck_1ad36046aaeb816c,0.0037828477136408285
ck_de056e37c82e8e00,0.004137980796817837
ck_7484c214c889fe7f,0.026965488017181034
ck_32430e678c4f9f53,0.0037332954101188635
ck_6276ece8f80ea799,0.008230032146143615
ck_ae8e5dc4b725bc25,0.04592630276986826
ck_f01be92dc78a2dc7,0.0071338698442516306
ck_233397a8bd40d38d,0.010269663582137623
ck_f8124911450fdf31,0.7508782576340419
ck_aa0a3179f1111674,0.0027676933154308346
ck_2366b29ed9887a5e,0.002071233199436999
ck_1f22f04dfc08cf27,0.002813486248812848
ck_b62276c3426d680c,0.019953472660250455
ck_d099fca88691f66f,0.030098513690474803
ck_166bd1dcbaf4d6fa,0.0007487596922533193
ck_7b1660e942436e12,0.0055853114803029
ck_4a9a791a1d409a3d,0.020926809974802674
ck_b003e5b54df65db4,0.004458796656764313
ck_64b4dcbf436f0b75,0.0015304215643196536
ck_26e9a7bb2061a58e,0.03516661570732056
ck_08b77ad5f8f73007,0.0055349145080697505
ck_366616a725afc6bd,0.013466102040664363
ck_934fb5064b6eefe2,0.0051469764020245015
ck_c6abd5d57b1009d2,0.003233458438694699
ck_edcfa9e1cf29d813,0.046061161121265126
ck_c30201ebd003fdc7,0.0034429820359455515
ck_c54643d94d3ce355,0.015462854410139537
ck_02adda6e91e49650,0.04461982168379185
ck_5b73d7c5255e58a3,0.12397177570764326
ck_129ffae92dc01408,0.0006750930784243363
ck_fa321945ebedb916,0.034371550692253984
ck_8da980cb2e1e2bfb,0.025701628695894256
ck_0576b00d728bdf19,0.04053866588190603
ck_c543d82e22b3c8a5,0.001481416182598375
ck_0027ba644f9ae2cd,0.05958256688974846
ck_8dbf61df902a6bbc,0.0024975764233467314
ck_90eeca1cda79fd41,0.005866031005713004
ck_86d7127391d4e01f,0.0018905434255935903
ck_73762038c7ff2f6f,0.004395462715133133
ck_a1484e6215fac651,0.2631236152654566
ck_cb83b9f806e90dc6,0.12407879829552153
ck_8c6f059c95872126,0.002972552501791177
ck_3174419a81e7caf2,0.004251651723092052
ck_6a0f8f8fa4a3c2bc,0.022483990150655837
ck_b5777605668bfca1,0.0031178601805482613
ck_27e4de495abb4d15,0.005658703274989154
ck_7f6fa79c7a107161,0.01296254046297512
ck_c36ed9f8e6792ea4,0.028364885380809658
ck_67a1aa88d2ea554a,0.024653435633594477
ck_09748dfe4df3d540,0.0036082986849117005
ck_27fd85b1e38b675a,0.0014704248418804713
ck_2369689bd795ee10,0.004413283876760195
ck_4eb1c12f7d092bac,0.0013920438651170656
ck_01fbafc42c8e33f5,0.003257027470854423
ck_93c4e05699b3b7d0,0.0033466482967333274
ck_afc484d1b6907983,0.0066098453736720365
ck_1b2d9cae92a1aab1,0.0582385909122655
ck_73b729cb161487f2,0.00492681614395966
ck_fe3c1d0ac090d960,0.11194797682271171
ck_408efac1d3885ff8,0.012098382286984458
ck_ccb4dd9d0a48a76e,0.006171364960618089
ck_2987eab34ca7805d,0.05537297178118489
ck_1dbf1f15193197db,0.026830971141802995
ck_4ed711fe4053e74d,0.07185762740180233
ck_6c54adce174f45f4,0.028138144297402877
ck_a6c740041faf0bd5,0.009879132018057754
ck_b05c4d33c4f43639,0.02121198779955227
ck_032880f1114dd51c,0.032220426356912774
ck_22311b037456a76e,0.0017784301191312087
ck_5866b413549765bf,0.001104708757826695
ck_0e808afe2570ecac,0.019029255625654155
ck_634276b05f4381f8,0.013387284776385433
ck_5d8773badd0d4740,0.014537883753855379
ck_82b5b79ce3517102,0.804324975430811
ck_b378b8d8100ee4b1,0.008168582986872248
ck_54e581f71be5430d,0.001538080575616937
ck_798ba4b8aa544fea,0.0016945401631189082
ck_3fe86b6331ff95e3,0.09070870872721852
ck_81275d9d4c559e6f,0.0028596454017173166
ck_99a4e5ef02d89493,0.015410368775386133
ck_54e2eb018d947790,0.030787720808567304
ck_966901ea9c77cc02,0.006767351501934182
ck_27d69ff4e0cb428c,0.3422926988786818
ck_2cee2dd7bbfc09a0,0.6336340181618562
ck_4136b00924695ab4,0.0007435005072449762
ck_59a164c40c03a45f,0.03732989802984166
ck_3e24b026bc66789b,0.0010378939799219695
ck_8105bcf69a75ee47,0.0017368823020065833
ck_7a1782cefe26a456,0.054613298394418065
ck_970c7dc195161272,0.0019532069471997595
ck_a48ec0c00ae20e82,0.020806790411559292
ck_54b374ade34e1dc1,0.004461902397439677
ck_74e5dec189761d14,0.0011695226624698382
ck_4717f24f2c6f40e1,0.0517888924825745
ck_fc8cd8a8209e802d,0.011422860242795194
ck_71db4131d7efe218,0.005606167075344458
ck_45424ea6f0bc4650,0.19385679889270718
ck_3716c6181a5035bc,0.031348307528541855
ck_26de14b96bdad4f6,0.0010075583453708716
ck_99c0a41ac9c73857,0.0028977101152141637
ck_645f15bbbcff3b4f,0.9874541369283257
ck_b7e25ddd41514d4c,0.0027227694470578433
ck_d5c14e877ca7b755,0.002709454945754543
ck_05ea4440dac6cfad,0.018187030202789434
ck_c58bafff7b1955cc,0.010694805305325069
ck_f0cf85b67a9b840f,0.015696449612981705
ck_ce1500a7f0d03fba,0.011575644460596276
ck_d4972a775aadbbc8,0.011717302362608985
ck_3eb6146c262e0fc3,0.0012186250173399078
ck_afb23858a4ef42ed,0.9769445413433491
ck_2c1def5c91c52a5b,0.04228843275643148
ck_72e550559487b919,0.003711252479165942
ck_0284dc2b4f856b3a,0.07654617466900937
ck_03be334935e999a2,0.005334032006062842
ck_e35a4b4a3cb4cedf,0.004312852621760471
ck_5abe57dfff4b735c,0.004020471923669052
ck_f5f87f772388efa0,0.018246007830629664
ck_5a22cb36d612236e,0.004532377758948157
ck_8ff1e6028e764472,0.9301975170586617
ck_2ab28149b0986642,0.07295712398811179
ck_c88fc1bac79fa6d3,0.12735079240447403
ck_5b137d74bba6b1b4,0.002256617846379503
ck_11f362dca2dfaf5a,0.01216342296606263
ck_7f960541e5174565,0.003195855948880792
ck_d5458ba39ae94498,0.014033156294071574
ck_0a921a73a90c2e39,0.021271125724250994
ck_6ad56ef40086dbe4,0.0075540573444153655
ck_b68199ecccf2350c,0.0026947963631476163
ck_6dac66c8198c07d8,0.012115984672563185
ck_9b9ce7bebc235fe8,0.00921953588345725
ck_6b817117d87063a8,0.0039677698673551715
ck_900d62b3184378c7,0.0017950530951038747
ck_eafe9b89857149b5,0.008955665200956118
ck_e74716a525ee5b24,0.0013332541957302986
ck_4e9a6f06ab134102,0.010209411972997616
ck_b0d33b5a3716661d,0.0027978986535147406
ck_8703543bf3134306,0.004662343948076417
ck_923d6a0f83accef1,0.006372133399647303
ck_52e37e2170532e2a,0.31976011910188246
ck_c1c5ea839c58958a,0.056496320890386045
ck_660f0006780e87e7,0.011736098603748777
ck_830b2c5d1818ac07,0.1611550919401466
ck_b080ff636932d1f1,0.0009186995747253932
ck_38730aace405f2ae,0.9932314920200586
ck_9790138467a06223,0.0012156542791174718
ck_10de0b0d86b17839,0.0029126114508116747
ck_c3e37a4d3382c32e,0.005286538291851023
ck_dd8edfefa1eba531,0.0009080410461346147
ck_8153cdadd300d234,0.0019994218932643873
ck_74d0e7c2c6b63d36,0.9278067054817134
ck_c478aae3031bb328,0.006215516252146074
ck_cf301f2194975866,0.007416543780096462
ck_f4de03f44e3a5bd5,0.01589240231152987
ck_b06ce826e593b210,0.03931018746648309
ck_2fc70b6baf6a0e26,0.009333120107936762
ck_d208494cf5c90047,0.02738871675977731
ck_086d29ccae565e5d,0.004701898573117442
ck_d5ef6dc116dee408,0.003447176195698464
ck_fdf0c5b722d83464,0.002245189166004195
ck_de8494b13adeffb5,0.00426108494991829
ck_556786868599143b,0.022345274182398706
ck_4940e78cbdcfecf3,0.011300566369281057
ck_d32fbbfe32c00416,0.0053002033615893295
ck_bc7710f7e9fae649,0.0028002516783378582
ck_416f7ac57da081a3,0.011657375866300519
ck_6fb39b60c67d5475,0.0019117707754771815
ck_e40a156511345d6a,0.001854028625379459
ck_49ab879b5aa7fccd,0.10929048639262191
ck_bb643194d1cbc47c,0.9766071754496451
ck_b3ce8f1bcedfa043,0.006344757116527119
ck_558ebde8c29132a4,0.01946383619195768
ck_e6222925762273b8,0.19215774477168573
ck_bd80546b4807dd59,0.026032036208929892
ck_bd21164bd2bbb635,0.016922870580437555
ck_ea835557d7043667,0.0027342038767534617
ck_1411a80a157ff39c,0.0057460230642401924
ck_ab973888c20c9120,0.06160648225137198
ck_95b48972061abe82,0.0019397709757092694
ck_fc4a43f8876bf10f,0.538387438058892
ck_f34fb7ccf82f41e5,0.003696182108211471
ck_5af9934a56801ac0,0.004232150361199135
ck_fc7445ec76389a58,0.22581795935193338
ck_1eeacc26f02fbba4,0.018966216783993007
ck_4f325dd15c9bd45c,0.02581590110284699
ck_5009a6c8bbaf15ba,0.06420504016441593
ck_0f3de7f074bb33af,0.014946854352934935
ck_2cbc2f93a32eede8,0.031974150553144294
ck_4bb90a61c21a303b,0.00891873347809394
ck_3ade9eac7d7b0dbf,0.31803926469564614
ck_4859a58629622915,0.009780831503835028
ck_5fed957287ebca03,0.002258474519338298
ck_ec01ae5351500355,0.0025769447634554077
ck_703b41624ae6a5b6,0.0030451727080951408
ck_97c38e7f61c27e47,0.011892429715599066
ck_db2c0908150cb2cc,0.014369132243318228
ck_64ac5e6fed86ab60,0.7517534992536548
ck_da1c853b0a061e83,0.008556574058542628
ck_9a36916b60178ded,0.5119300849309392
ck_3715bfa7fed2c675,0.0072179674715172224
ck_dd3feb77d7d4f6d3,0.024389718525137886
ck_982ebb24174a4ade,0.009335048342570904
ck_f6b7a10d47dd9a1f,0.0024623343545060517
ck_1f56fe99f250cdf4,0.025637385139818593
ck_deb3ac0606d6f6db,0.007095634150516753
ck_e666629e5a41b39b,0.006410820487556239
ck_756d2c13d02b3e09,0.015345080292108631
ck_7bc752ae7cf5d55f,0.016877123308409646
ck_fc0cc4b25e6a8194,0.0015872500786785614
ck_9b2b0e286de78a1b,0.006763011316058297
ck_24b0803447211bf3,0.010362925890835248
ck_82eed68d05a42128,0.06151148029268635
ck_c8a03c516ed5b05c,0.19673012030668074
ck_e914974cee1bccb1,0.01760050344810956
ck_0c533ff2d0f9962a,0.00598175199354155
ck_c12805fa5d970a83,0.04344643352843018
ck_fc2cb29918631f10,0.11739240930714986
ck_c20e89afe575549b,0.005458971316146739
ck_e1ff9e31becc27ae,0.10167254800364753
ck_18116d0ac08f1996,0.8764475266103767
ck_885a83975cea5e64,0.0022093004591499984
ck_a0c3059a959ba5d1,0.019203761951749443
ck_75257ca7d7da2861,0.0393572251632646
ck_2210f7a0d13bdbef,0.05509200412948685
ck_9cbd9ecf8374f65f,0.006764803659562356
ck_18f67c00ba21fbde,0.0032622147155204223
ck_2d28f14d3973d8fb,0.0011329230637042353
ck_8b3401b44aaae728,0.0050542525975004315
ck_9d8e9ef37797d3af,0.6281018166810215
ck_9f50920c894f64e1,0.0038585220323072615
ck_4737e0d56c6fa0a1,0.021829499431888215
ck_52c311f29ca3aca9,0.0007067083645641921
ck_6a4981bc721df37a,0.0067088663965876845
ck_823539d936c55fc6,0.0031264113399063114
ck_df5aedb4118020bf,0.9086494030797407
ck_a911a066ff0f7b56,0.03188957177379442
ck_684609767df4a14b,0.027868156248524355
ck_f2350bf355dc919e,0.017983879671923643
ck_8452b6cf97c65a5e,0.0054274862826656734
ck_084cd84501012218,0.741181949524002
ck_ace6b72e5bf3e93b,0.06380273668424268
ck_2afdd69094c955c5,0.08153768364027678
ck_fa7d5be26bf7b31c,0.1245127920169236
ck_4b041217690fca2f,0.02172200003570296
ck_9fb8e3d38cdf276d,0.8425200801331194
ck_c1ee56d65a42f59f,0.009231268841719752
ck_fdeaa1cd085691f0,0.01950852965239716
ck_5de33a7a87e9aa62,0.03670467910020317
ck_7476e7fe1ff45545,0.016885919855780814
ck_b0a947b498e47018,0.008778355214380647
ck_e3894ed88a7977e4,0.003675500856501529
ck_c7e07ebfb0bc15f6,0.008755825831562439
ck_3a3daa8b376f2a18,0.0015189070897122514
ck_87809324c2675b0a,0.014106029078356914
ck_7eb4f33260f1dcd4,0.011544288396719905
ck_ab9f0e08af030060,0.014169171884110371
ck_5b8fc4a76f340797,0.01957372756388982
ck_0e7bf10ef49aa818,0.02370783749978382
ck_a44462a3853ac67e,0.9842085020712895
ck_2d14bcd2e0fc043d,0.0013271687210949785
ck_df1f2dba802296be,0.8008945265913194
ck_466a7316eaf149b1,0.019896105625282667
ck_50df50af592b0c06,0.005008669172725069
ck_5f9e34c849704b95,0.0035399143332402816
ck_7836bf6def26aa87,0.0068643581261940605
ck_ba175b1bd8efaabf,0.00268061878857429
ck_1a0aac7f7b94b1be,0.3111806893726988
ck_6768c4b2aa8ce586,0.009053187528776837
ck_eefcf0ed15897898,0.007152453578042878
ck_7a6cb27e390b6ceb,0.003267082770611667
ck_5275be4e1577c1c7,0.003156202786622364
ck_6bc0e5b8c0b7d2bd,0.015350005170803677
ck_4874bdec79f9106c,0.037344574131708885
ck_a678731156ad7bd2,0.31211266816662975
ck_db906debc36a5d1e,0.011670633098238634
ck_e87897767c612942,0.0328025066460368
ck_45ed5ee496ef8a67,0.006333449989433816
ck_ae20e28f9854f3ee,0.04835239412680287
ck_9ee044b73943a90b,0.004063688721644512
ck_dab34cf6f0626c9b,0.019702824782440405
ck_64a02b7b96149810,0.0019768326553706765
ck_c417d06f3e94685d,0.006534598360742698
ck_3e0149cdee4cb294,0.015672068883822318
ck_0e6046fc30f81705,0.012635578466976554
ck_c383aeabd53e9c89,0.012518516064251927
ck_2ef76f1f36e8b869,0.17311872010696322
ck_43948784650bb9ac,0.0048018148134475695
ck_bdb966f43ac350ee,0.0158508687139542
ck_5bea0e0ee0b094cd,0.0018763017890999763
ck_dff090f03ca5529e,0.004460431939535634
ck_a4691b57f837d88e,0.015707038258561793
ck_99ee90946395d74d,0.28894645690783693
ck_cc81dbc83a8879fd,0.00940125909360573
ck_f3dc0725621b3a35,0.0021040376242375245
ck_1bb212d1288b9689,0.03288419435456762
ck_9e7278fc7679f002,0.011455989122036344
ck_3ded7a8720d7e311,0.0032668260892303423
ck_798157bcdb9453e1,0.0049015574636547665
ck_9fba80f56f357fe1,0.004941473607116234
ck_f1e1c8491f16f912,0.002432203141860887
ck_7b1319a5ca2f63c6,0.9681289236347244
ck_124432fd5c92af7e,0.7635783612019906
ck_148cb0c723284dc0,0.009976391749726395
ck_b56c62c950eda009,0.0007808581517713819
ck_a0498755cd8d7188,0.002207219458911061
ck_5379452a9d74efae,0.0017561601274586427
ck_6c2453229d608183,0.01962050789487804
ck_f9d8b4813a88c1e6,0.003027742055604843
ck_c2c7d1e45a521857,0.008345792545309798
ck_4364a83a11743888,0.00421984382133777
ck_2cdf5fd97ba75e06,0.09610499984468554
ck_71bc01291e0533a0,0.0036083121534050875
ck_a725d7aed2a0bdc2,0.002707480551690885
ck_a9b0c4dbd7db6a91,0.019742222203852487
ck_a4258806a533efa9,0.009523125646344503
ck_905e460591d9a278,0.20052967594915638
ck_20de8abfd8960ee3,0.027496166125074512
ck_252b0a0f1119b220,0.0010082058164975576
ck_95e4bef65c36af1a,0.0011169763196149565
ck_5ab68b434ad53fea,0.0008941487514407265
ck_13677a1957078827,0.0014615540365537194
ck_d251e9fa09e542dd,0.9924404383156775
ck_700cb620f300dd47,0.015674010185482014
ck_39a68c55a1bd3ace,0.1816929314176753
ck_61a59a7944d6c53e,0.055488347830091246
ck_db6d1c6d31da967a,0.021522685375030895
ck_650020c500b1b50d,0.005994044066492632
ck_d812eb6930192793,0.0017603048982912553
ck_92f6ebc11ebca89b,0.015007752472599506
ck_d87e26eb5bc84b01,0.0009888920154857174
ck_66439e697695224c,0.0018908249500942018
ck_f21efd504faa654c,0.001893637592218156
ck_15eed0f5652f0352,0.008470597285513254
ck_bcdbf57d98dc0d27,0.0372069551489939
ck_873ceb8004d3a9f7,0.021101679267942118
ck_70bef9ddd4bab005,0.004329021822586551
ck_7560f1891d66f294,0.002073268514273256
ck_f439f16f8693883f,0.020200259300198066
ck_14f9535e53f9c7a6,0.005540536255616913
ck_5984be472d2bc267,0.0798333050983802
ck_ed01be7504dc4187,0.010560453722993923
ck_dc3d8b5c17b67ae9,0.00327714221749371
ck_9dc23031b6b494af,0.03126573168642337
ck_fbdac0221bc03f66,0.010406054672238214
ck_863708a99b92ef0d,0.006407035098206143
ck_22b52654776a1ea8,0.8922614446474151
ck_a0714f98001efa0c,0.01286998214975566
ck_9c56114f84e9a541,0.00662512147977558
ck_e155cf506b2fb699,0.005244934358823129
ck_65ed7e72f24731e7,0.0010846507309077956
ck_822d6e8e43befc72,0.6024411179675946
ck_b1182471d9ac6b26,0.0021600033311570477
ck_821446adc95e6da5,0.003276525911226519
ck_ff182f033134dbb8,0.06036421239041452
ck_9c5feef7647b0588,0.020800077239420945
ck_df935d8bdd44883e,0.007822224865344871
ck_01eb24c18ad11fca,0.06370599129801441
ck_00d6730134a1eb51,0.011512950673630057
ck_79ba8e85678d0224,0.00880534220752329
ck_97e3b04a1350f6e4,0.017864417389331616
ck_74e9747954a46eaa,0.005788843713028015
ck_397d5fcc9972f909,0.026129782679669457
ck_9ede89e8a43c3f53,0.03367425569685063
ck_303b33910d67f306,0.0031501788673145375
ck_3c17841636f6f7dc,0.01754820034962499
ck_78730527f8ba1438,0.08117654643575764
ck_5ee32bc6bb5d1d4c,0.030887332547851844
ck_a13fee8cd925d0dc,0.00923779616549691
ck_6f847263379f2e43,0.047860790100189635
ck_9b9d9e579e7b55b2,0.04121972191335234
ck_87c1d0a79e79c84b,0.03471535068512831
ck_bfc453eabb472f91,0.0027912006222992405
ck_978c21bb5fe3171e,0.013735374969244
ck_dd882323474431d4,0.0690937088525199
ck_533c4f7400d5ab22,0.13337773639585138
ck_5f217bfe28954e75,0.9803608133709192
ck_ae96d35465b3b4bd,0.008682527183307512
ck_512ebe97c0af94dd,0.1853892676021413
ck_f558fe02bb0219b8,0.00922259022075893
ck_84092e23d5ef4d51,0.04844394538698684
ck_17d3022ca12eacd7,0.003735438246424422
ck_8a8f81bf3558fd9c,0.00454711944263735
ck_0ada6fed1864e7c4,0.005648916965521349
ck_21fe7bc59dcd78fb,0.0024190999539955974
ck_e136e20c1c74fe38,0.004592150850774646
ck_e7a530e09d113dd7,0.0770763711139171
ck_7cb0c9ded4d63027,0.010369001149406048
ck_102db9615e722c9e,0.02153373890484401
ck_129e39ddfde92eeb,0.001077629372533128
ck_d730ff21bfd7769d,0.004144630286368459
ck_54459b45d2be8459,0.0030549297815086547
ck_7f1c20319eb60aa6,0.992739792911496
ck_939fede90473e412,0.0044036499039239495
ck_e0f9506a6d5f4a1a,0.003824188742031189
ck_9a4967cdf49265cd,0.1283334037702059
ck_b9eaf03453ac7d5f,0.0019666879191859075
ck_522477be6376b450,0.0021699258903860362
ck_9b6282e3bad50710,0.019300093153443804
ck_a0e3a2facd508e49,0.020346541369473784
ck_97ffae702f7c3d08,0.003096044158721066
ck_344a95cb7115ec67,0.004764206581030285
ck_1f2760764afa45e8,0.007260834297949929
ck_720cd658d11ea428,0.18675415563460537
ck_04e32ee9834c088d,0.5334874738638415
ck_2bb1389e5e72c8f4,0.05784034118504365
ck_961e7dbc217cfbbc,0.0014949769902266028
ck_f3bce4eccfa6d6bb,0.0015850597968978177
ck_e0ccfa0d689339be,0.011105317855714216
ck_98217aeafa0bfefd,0.03116685997915915
ck_a02aeec1914c158a,0.013227231907364856
ck_20a17e8f206a14c8,0.099652118392961
ck_114c32aad4b6183f,0.06838009480726481
ck_79f5198f0decef20,0.003928923840835036
ck_2209de229b4c71c5,0.027158970944011308
ck_6ee939b7f396975f,0.0025442801531465544
ck_202f0c14b07ace01,0.06584516808703851
ck_fa24db9d416ab904,0.015998737797328837
ck_cf6aa24b92c4d33c,0.2129232480956102
ck_45f57fb8194cefc8,0.010381336733937766
ck_d5eb179dc45394c6,0.014110020098807413
ck_efb24be983342f75,0.005296719909417767
ck_245f5d62ead5ef28,0.011640824036618782
ck_15fe2a47fa7e92ea,0.0010199747386921763
ck_b6527a85fd682554,0.032696855050857024
ck_11f9390a11ce9ff5,0.016901330101445282
ck_ffb4d892c5158201,0.0014926135252076832
ck_d4c1da5a1427fd6a,0.0334986146136502
ck_2c041b1efb1c5063,0.006914229005999166
ck_ecc18f40b33be769,0.08238254717740322
ck_0525349f3945375b,0.040981629252303836
ck_0bfe62e0c7eab9c9,0.013202300671459671
ck_b7c37d410b1646c2,0.009420808400807912
ck_4b15b0746318cf42,0.08503994489218467
ck_e5ee006ecd8ff661,0.01039289848301005
ck_ccc83cf66365357b,0.04367787127005382
ck_34a33ffe8339f66d,0.9598011698863044
ck_4e39e3b165edab58,0.9312210044872771
ck_1a71f8081ae00190,0.7285295671020193
ck_ed8f1200fc049c40,0.8704389273780843
ck_8a5a57858e8c77f3,0.06790136856383555
ck_fff9fdc2adf5100b,0.9504601465617603
ck_c76f1bf40f3b787b,0.0008677296712676105
ck_1a6ddfeef82b1b1a,0.005809513099482392
ck_478d2667aa9896d9,0.019213187591521307
ck_641c8e7694b21f3b,0.02597178774385922
ck_293581d879f6663b,0.8448260644153491
ck_1bfa8abdb22be8f0,0.009048228342711614
ck_05ab5b03d0bf9ce4,0.09132946662633036
ck_35694db37f0cde7a,0.0033902844201251633
ck_fe33eb743d714c03,0.007026403326653776
ck_abd10fbcbaf2b038,0.007122777141546995
ck_46d51648c1bf80e5,0.25470389690917317
ck_5c8390017fabfaef,0.03248735387462598
ck_87d55ca333f22072,0.0009467179124446118
ck_c39c6a1453e2b92c,0.00033141182344192173
ck_69ff1b0aa143a168,0.0021027114849254897
ck_e57c79eaab35ded7,0.004131599719669814
ck_463ae759e2b6ad1d,0.003263435078566499
ck_0dae4a7eb587f3ba,0.007378344946828791
ck_9b12fb56529ebc4e,0.004671310613709592
ck_1af547077ba2dd03,0.06505249788786144
ck_de13de941bebc7cf,0.003571586430178175
ck_83dde7da2bf647ac,0.0009602148771324229
ck_c80a94d4660041fe,0.019659144078331234
ck_f39cfeb277ef6528,0.001127921324539574
ck_1cec1ed1512a2d3d,0.0008532441706557957
ck_7955a359b6448799,0.002304305751407871
ck_8c0955dad13c3ca1,0.002575642299250656
ck_6d4cd2de601a2308,0.0031988980454241015
ck_f4536ba8dd2d551d,0.004132300867154848
ck_b379c198d6db2d62,0.014399753339239712
ck_76ea90ebc74bcdc7,0.011171620754165995
ck_734f06bd4aa92781,0.011715561087367685
ck_677e1d0c14cbf569,0.002320895684272601
ck_259271c70f3fbcbe,0.02676527728649064
ck_c0b744eb9e7d4eb7,0.006281964905717458
ck_3d41faeb96802f68,0.0017179599913448302
ck_8f604fa70fc3c8e3,0.0023763798189684973
ck_0b3c3bea0e0ed339,0.008730919824562687
ck_be5df076b8a86409,0.0026821083544497784
ck_6a475fe324d7d790,0.012275544059845852
ck_3ba3fa5387bacee8,0.0008897708221070428
ck_324b9939d9c1c31e,0.001986399208151783
ck_a7fcf7b592f68ca1,0.01269331478865347
ck_5b2728f7cca414ae,0.0015663272507962657
ck_5f4a25ffd0b85a47,0.05094850059702386
ck_63d4f5076fe4406e,0.007524855418086109
ck_af528d66c86f0cb8,0.006773752514288664
ck_ac7cdb9b8da7b5dd,0.0051925287112360744
ck_3bece63711407e25,0.006031499340058793
ck_d4e0b2a12fcfc35e,0.009877428628964732
ck_ee3e7c9d3a9c74b4,0.08544328575068957
ck_50d7c4dab837bf66,0.003821673004443634
ck_ebcb93a2990fc914,0.07489698474395037
ck_2329cc9702cdf7a0,0.05730182740702905
ck_db1fa53d588bf99e,0.014245964941242324
ck_44e57a0bad5a0745,0.00528654516401905
ck_472c81a144f4631b,0.0018606053490524694
ck_1658429acd5306ba,0.008792421311217883
ck_466103ec5bd9444b,0.011899258114831328
ck_9757163e25262b74,0.009929586965039
ck_34ed59bc2c9b0186,0.0033552394007818802
ck_b7bd3a7f263f4f29,0.0278538482690761
ck_149662b09d632e41,0.007188964766397436
ck_a9ffd6b3957bd41e,0.001891394068144364
ck_ab80466ef615e85c,0.002162935898078724
ck_f2c824d3473db24c,0.003980996042055719
ck_a4a01fd45936b078,0.017976906023155097
ck_8f6ce158c2902877,0.001936815665780317
ck_5189a302cfa7cefd,0.0007426122827553912
ck_430a3d03be588201,0.01034828822055488
ck_b5f9dd00914b4db4,0.006491201138811138
ck_52dec82e9cf6135a,0.0067281583583124315
ck_95e444a01e2ab4a5,0.011773256650053767
ck_e37cee7b123692af,0.005589515520554423
ck_d68d42858a55adff,0.01856957648732491
ck_3abfc010091d679d,0.19531736017127982
ck_cee4e4e1b62bf82f,0.053867172610351156
ck_9ccb17c35e636c5e,0.012777337436954767
ck_f72a5a3b0d6c1177,0.002237910352091396
ck_7508aa554fae6afb,0.0640924726217203
ck_003aa842b7ca1d77,0.2066678257823264
ck_83b2b192f41ee2bc,0.38033135357765735
ck_64796b6b2c3c7f06,0.0060525020383953845
ck_6438ae81d43cb196,0.004720444102527343
ck_2bd73d9098504760,0.0948839904883043
ck_aa8b9b36a099e4c8,0.04579565020136297
ck_e5ece47d0dd10526,0.019087506075746517
ck_16077ac345472e6a,0.004668671598430154
ck_a4d6e152b0076964,0.007853293145641222
ck_d90b1d03ae151f62,0.010672397324160013
ck_18b36d342b530af4,0.008534999844772507
ck_2a01e610348b84f8,0.0324674094059751
ck_0a93ed76bf36c8b6,0.0036217931479626806
ck_3d56b477fe2370b6,0.008617500148143381
ck_17ab3068fa303682,0.003286818937905698
ck_592a3520d841d11b,0.03289088196417751
ck_84d07028b5fca2f6,0.02623024946497879
ck_f4a2bb10afa85743,0.002946513283044888
ck_4fe4b072f03f2c1e,0.0018682558786634977
ck_9ad08fcc183ea1e7,0.001620024209256213
ck_130d3848b9dcdb05,0.003419947018808732
ck_bb399ed6bf28c230,0.011008233540799604
ck_a31a64a39a2c4941,0.002223050630277096
ck_c49f25dfb39909cf,0.1028262302955727
ck_55f50a9ae2db8ff7,0.003296174105117243
ck_09faa4e771cf876b,0.007765257257891489
ck_df520a7a6e405889,0.05190080755035901
ck_8c8c98cc694ac900,0.005223313905491676
ck_7f0c4f609673ef62,0.007293944815428171
ck_f51fe59cd445d2cb,0.0040484624999100605
ck_b3fb83f0d772a831,0.012460432858450391
ck_d6e7e257751c299b,0.003260525215934866
ck_0d362ddb4a1cb6d4,0.06028304604222019
ck_a574a08edaf81781,0.0054620541313075395
ck_a823f5bcb0e4b9df,0.0013952327333432734
ck_f792586ad0381eac,0.018780929010893694
ck_54bfd70022c66983,0.004042042238340602
ck_fe0a9372c9372de9,0.007040757575353954
ck_5691cd6fdb6d8147,0.0036006382615494372
ck_a95f212a02433d23,0.009233900236810115
ck_f5adad75e1c06731,0.07276525928909064
ck_e09c97520eb0533c,0.01731854163755138
ck_a1e13c0d58560340,0.001221130726443905
ck_cacc2ca410cbe80b,0.0050811466802229395
ck_c0dde2a6ef1e08c5,0.002609301326306446
ck_a04403073c90ce38,0.002001602299152387
ck_03d3026107175dae,0.018574477112547647
ck_50176dae5b1b716d,0.0019959475057825644
ck_6c084bfcb38e96c3,0.033552019046323406
ck_36d2be9012f7909e,0.010043916657661543
ck_958acf84c6137a22,0.008044483583695214
ck_114722e12db90a73,0.004252606911452911
ck_203c2a22c0c165ac,0.0035231810503337387
ck_2c44ca550e5cfa82,0.04014073448947395
ck_df0a8f20ab8f14f4,0.017268705023154564
ck_826a27ff7555192e,0.04658521662487557
ck_09a988ebcf062297,0.2045000593715785
ck_5c82444b3b9160ae,0.013966375421529847
ck_f6a4a7ed27fe76fc,0.08733540600702286
ck_17de46314b5c6a92,0.01949850184623555
ck_335e63101b1e6c4c,0.06874185176060746
ck_c5eefc0697451de9,0.0516027736078767
ck_49a0efb5d4067b6f,0.26060859964682354
ck_c1f4509c8f5dac5c,0.01134645805662884
ck_57658eda1c59bc52,0.0006492868222613906
ck_0d5c0736ec76385a,0.0008232965495891616
ck_e0239e6ae30795a7,0.017965156681266112
ck_e4459115cd8e5e4f,0.010992420575764631
ck_bb4aec09d4968dda,0.17053150505970366
ck_a1b4c96faed3e0db,0.02357598750719269
ck_8247b79ac67aae7d,0.004757229938262207
ck_fe2fc7d6e5d83f09,0.012335155260937137
ck_f6aea576cde8d592,0.0015624266130473872
ck_b7e7f7d0cd886412,0.014982787534575135
ck_ca7b993e8286af7f,0.0026551786871986047
ck_47de038381a9cd65,0.00995232380968617
ck_d38f941d09eec820,0.008380300687576727
ck_d9ba2a6c0d926b4d,0.005441699069878751
ck_cda72f597330d0f3,0.002530071918316127
ck_16d2d27fadeeacf7,0.006924512783479775
ck_be05447853d423a9,0.0013131883196863573
ck_cd92852d7376a4a8,0.0014505292151389257
ck_2faf7ecccc9fec58,0.001247607723765639
ck_db8733fd92f20cd7,0.015217937932562705
ck_a9989a3a94c26634,0.009731212375211023
ck_957fb25437c75e41,0.030415645155493377
ck_e6a6caf6e7de17c2,0.0055729432316279056
ck_f7bc569b37e8bdda,0.007292220866892585
ck_703b375dd86a6124,0.0072923070260842455
ck_d3cfb3603f2c6ca3,0.029093373062833373
ck_07cb2b6f2a4303e1,0.007980921857049541
ck_31631e2028d4f855,0.0024573672690899103
ck_1631bab0ba1256db,0.02263469913258489
ck_5fdafeaec036f016,0.011758596630661046
ck_6eda4c36aecad602,0.006858545820469478
ck_bd1bf9e3e29de281,0.01143863653126991
ck_bf378ea558a4125f,0.6358421667435612
ck_7aa2deeda0e57412,0.9923365475917676
ck_d229cf7f5a3f38ca,0.018732486997355184
ck_9e109edd124492a5,0.005800793613345584
ck_779491819995625d,0.07701372431094182
ck_b89c6fa2ad0a12f5,0.03491810951077131
ck_1d01b4a609918c4e,0.9217071051963803
ck_714c5d7cb17bc9f2,0.005528077156764997
ck_269f1746f2609ed4,0.006228032079325051
ck_4be03a2aa62b93c7,0.001560371027957049
ck_cf920313f6dd28fa,0.013709328995634165
ck_fb00aae4e17740c5,0.006683199424571002
ck_085d8c42739e2b10,0.9888413556566873
ck_c72a7d0d03cf3e17,0.09214249667305138
ck_8f6ca5d3b17eac6e,0.0033078767970590706
ck_d9573100bbff4014,0.14527021249933067
ck_79d6793d1d0cf43c,0.0017381016235117233
ck_91fa5032f7aff0f1,0.1328796253704848
ck_87110d84872c0fed,0.01499301332077664
ck_8220da627e9992a5,0.0036422784605919653
ck_2ae44938847f3852,0.005267024028190099
ck_b0f191e44f9b6f35,0.04134550377914988
ck_3049d744b527f4d0,0.004594276010479637
ck_47d3e8d1dd3fbcef,0.009802609537444747
ck_ddf787359d2b5deb,0.0015408792033555119
ck_b27a9e39726b26d9,0.0020225835794223826
ck_80c4e9274cf976b6,0.9874291735248469
ck_c6afa913168ce8fa,0.002246820443280663
ck_52427b3f8478db19,0.014598791997788676
ck_3b810f15ca0eaa55,0.004743963976387945
ck_0c9e420f97baaa06,0.7563597993342793
ck_f8540cf3a8b2f8c9,0.033769076300911076
ck_1402d24dd623df72,0.0018418844459488315
ck_eb4f4267e24d042c,0.008611793642137853
ck_6f661b428d6fb8e4,0.06777288788211355
ck_519a26ecf3d29c90,0.002545286240508816
ck_e886ba71d4a6fd73,0.0302410607149542
ck_437f9ecd2016a1a8,0.0033751454349799565
ck_f01af1b0c977cc06,0.004064374558545386
ck_614f777c2eb5d537,0.0051103389606424856
ck_b804e784cde9af8b,0.008552212978064147
ck_c2dccbc1b24b137b,0.06751881770944292
ck_1df4a1781a0f6999,0.00971971664150681
ck_bd2cdd53fca26171,0.012787629136939625
ck_424c254249a109f0,0.03528284883485195
ck_cf2ca4f286e289ba,0.05248765284629771
ck_6c33cb15b0d8af54,0.010727747527107307
ck_311d395fa9b8550a,0.008255185052317848
ck_9f792e7e721ff7f1,0.005914566291835928
ck_4c37586080edb7fd,0.0023273327127936285
ck_7c4f42c5397113b0,0.004207801836406474
ck_fc418f53ce4aa579,0.8604121787061405
ck_1ba28fb7ef726ce2,0.011280546860367882
ck_d932f98bf6b83956,0.0906216870955188
ck_248b3659a9239240,0.008790450274744857
ck_6a92cf5f4cf5de38,0.0135559634532885
ck_65519d0fb137e0c5,0.003752747795779043
ck_ddc3fc99eaba2064,0.03886981145573074
ck_7310cda3bc65a73f,0.003463402297568695
ck_c01c85bd631d4054,0.004041851738162395
ck_b4954d16b9749829,0.017867990747294456
ck_f301f6758e170d66,0.006245184735728661
ck_9bf95f8c47e7c7b4,0.0057968697099107375
ck_c91b7fccf6aeb4a5,0.014793295389596927
ck_785fa45e86bc5e95,0.006378705359199123
ck_2a65f1cc23f1180e,0.007240331036099779
ck_a49a2c1f881a3560,0.002239522160482202
ck_def344d68f06d749,0.003760236526273944
ck_abbd1465fc730d78,0.014266912760520079
ck_07a5610ed28162fb,0.006518511318110059
ck_7ecdee2d7127be8b,0.024579871063715425
ck_67858bc00e81490d,0.0019762237160557096
ck_b4ad165ace910222,0.015845979012213872
ck_30753ffe481a1b8c,0.692837313526167
ck_c401a26725b17177,0.003898259838712799
ck_819988d8a7f26415,0.0014523052509588072
ck_3364a1d9261b3638,0.0035544189345412722
ck_c484c5bda389bf20,0.0015541319698766922
ck_ae416325fef92c9d,0.9566277669479609
ck_5517b9a865960542,0.003912740227412439
ck_a0e96fed380440b2,0.001762154707723435
ck_e83409471d2b0b44,0.018851920558567676
ck_127273af97d7827d,0.0028208903795076774
ck_aaa9861c91bd14dd,0.009417889328018611
ck_a378c58294001a36,0.9549914281952953
ck_abb9d65ff1f95b64,0.20499726462225767
ck_a5ecbefa849ae569,0.013381791311375466
ck_aa9953c0ca2bed7b,0.0013860164843758102
ck_40bc6de252865f32,0.0019170379557170644
ck_9fb11688dcfe1513,0.009652788117517446
ck_ba68841ca2ba073d,0.010820083999659577
ck_1d3e561a7d20be0a,0.9785871077356761
ck_99a92d710a29c1d0,0.02117268996905579
ck_ede2e887697ffac0,0.003418622991689803
ck_e6de67c0d82a7b83,0.01197772703647311
ck_6b38763bf5ddbcef,0.018357150981702628
ck_8dd44eead7d765a5,0.04429613328410242
ck_30bf5b0056eea9e9,0.2517633507305962
ck_2981d16f8a51a8ed,0.02338711168534379
ck_fc60f42c68c7024f,0.04482999875289931
ck_8e2b2251ee224aa4,0.01757515588854614
ck_1906f0dfaf6e9bad,0.3446606487865741
ck_dcbe6814fc4ca0b4,0.013811146317164033
ck_f7e958a286ae3b57,0.002422378051959367
ck_713649668a7ca824,0.05936869368847088
ck_6f73cdbf9305e2ea,0.013737219245437577
ck_dd1c490050cd9051,0.016753182226244768
ck_e30db36e376606f7,0.05816321459589831
ck_740d8fe8028b5a2e,0.005224599221885641
ck_ebbc9418cd41f692,0.002476501384244894
ck_7b3cc6cc3f250f39,0.01760630405340594
ck_1d30eef7110809e5,0.30380736418962584
ck_77e0589ab339ca66,0.003549065614700372
ck_15ccbf8ff7d14086,0.008398570293205683
ck_246989b0c288664f,0.010847070616886913
ck_fc2a6e27b10b10e9,0.0031200529844970966
ck_8afc1112c12f5402,0.00902389009878093
ck_a76e8d83b9141364,0.025661891704189442
ck_51d3e8dd7465c015,0.0014066224995869638
ck_e7b4016909405981,0.0012933043128640397
ck_e7a3cfb9bf908e80,0.013056352968457797
ck_2bb49dc2388cdc1e,0.006007557994883396
ck_94f4266ee7871345,0.009119346735560674
ck_b2c896beec146477,0.007530649719313311
ck_fcf5d4a4748cdd53,0.0018738588366852555
ck_fd0483639811f62e,0.2872471943240466
ck_9a21d183524734aa,0.06582395098825822
ck_1df4b46c0a4c317d,0.017043104177675204
ck_638df9e8a22dfe0b,0.031089970820809793
ck_65acc43a6dc3e65d,0.0030666263771416237
ck_7c67b73196e3d0d9,0.007188538666043157
ck_b0ee3a98175b462d,0.0018750899170341534
ck_20fad010969f1abf,0.0012495741549603955
ck_54b087bd873af8b8,0.006491947739700186
ck_8007824431fa803b,0.0029629089436557193
ck_23aab322810b9fec,0.003529378626368311
ck_c8001bdb9aafc8a6,0.0030029308171582946
ck_3a34c3ac83cf84b3,0.008134703962971387
ck_60187ac2c473a662,0.9594124936297762
ck_6a0ccd7357979f0f,0.09830360096944613
ck_27f20337bef5ffe0,0.006982772545666785
ck_f9fc468915afe49c,0.02234137760861685
ck_1eabc15a94bd9009,0.0038278113756058177
ck_26896c494b2768ef,0.00546668063861061
ck_348c874eaf0354f4,0.1421601591558966
ck_be9c46acd216b45d,0.026623696623018566
ck_a3cce46d15cc20a2,0.17916068320756823
ck_70804f60d9704128,0.07657128966462065
ck_a019151ca8e7527a,0.05565324701457799
ck_571133b2aa8ead51,0.015097625312088084
ck_0afa4449f20d5196,0.004042736658667168
ck_4d503c41cf4e5034,0.02421564150989756
ck_d6fb9cc5171e3e9b,0.7591475510538187
ck_05ed92a7c3e10e5d,0.009288293453788173
ck_bfb067986660afe3,0.024623878855512493
ck_c1a31690c8573226,0.002859478944088998
ck_cb88ef3dc1f42225,0.0010130291983224651
ck_21e3b3bd998745e5,0.030847263634759536
ck_cf52e46fa54e4540,0.001117969674943639
ck_b72c7ac4208052ab,0.021497159753458273
ck_e6465c56b337e6c2,0.0035725694814527516
ck_5f87eb05d18186c0,0.009653393161823894
ck_263f6c5ff26b5e98,0.0029156980263857755
ck_e0b7e2c0bbe228d9,0.00860293023539136
ck_b657ae3c146cb7bd,0.004531294387725827
ck_abac514d8167ea58,0.005571415697476346
ck_024dcab126876002,0.015694555294968805
ck_5d8481e2b38bd99d,0.01178462286888442
ck_edf229c17d25dac1,0.05982614846229321
ck_6cb7c97b72d6b5d3,0.011983903437654715
ck_c96ae2c28086a059,0.027648826160029772
ck_2f241b97c0f8389e,0.0037073142806825247
ck_9158bdbb63ee8987,0.002999427633025211
ck_e7b40b60786c1530,0.0035739389310104957
ck_66d38518f68e6194,0.0014156155103059631
ck_8c9b57ad2a991416,0.0032562899213287137
ck_cc91bd7152d3e9ba,0.007322239260082341
ck_0d846660c7957a88,0.0015154410718448677
ck_60896cdac2212bea,0.04095631193103394
ck_dc4db8b932df49de,0.03586754070566016
ck_2dc31db181150e20,0.004970190496160617
ck_2f138fce1171e277,0.019488832205028055
ck_68b8b859a6ef505b,0.025593934318241217
ck_c3fe0c6c5e1f40f6,0.002099093702441388
ck_15886fe84866de92,0.07004479497912687
ck_ea269b35406473e8,0.0014020622972756853
ck_3ce7cad1f69b71d6,0.00360604141718905
ck_054ed4288ee58d6e,0.009017340430066481
ck_3d4913a86f207fee,0.031396027270857066
ck_23ff85f9d2355e8d,0.005117837659442901
ck_d87ab3261322216a,0.0019513273032682604
ck_fac046ce336fe39d,0.003705456780462694
ck_beb97e498e6cf8e8,0.06103830762057725
ck_1f517e0ebf397b51,0.0029264917409964107
ck_0af57ebaa45877a1,0.007287009432064294
ck_f99bc1732ce5e999,0.005627781043911667
ck_abb056a9deab275a,0.06361361804852253
ck_0bfc394c5faa65cb,0.02119595682062317
ck_ddc865af1dd5670e,0.038305853293344155
ck_68b5542459638b56,0.020569114173313027
ck_0b1d84252c0b46c2,0.005410908895226975
ck_520ec32c4f253604,0.034385126622267025
ck_79ffcfee599d77c7,0.006242420166241489
ck_eb224c0fd146253f,0.12483954717828616
ck_0e477084434da450,0.010357315994641457
ck_07840bba5570785b,0.011641991238018323
ck_6b67fe8e310ab865,0.02926584492429135
ck_e2a1068c2fa22525,0.013709514173404894
ck_b9c6b32f6bd92a3c,0.003748700627913027
ck_c1e7d1021ae58f00,0.0012194171485844546
ck_5d7801201749ffde,0.005521428883577878
ck_c8806749e263f70b,0.0015442975528391493
ck_c9eeab826781dc91,0.006361535383603678
ck_309a432c160a17b3,0.0025458521010781263
ck_b22e3337b8e3dbb2,0.002418879047532476
ck_79c30169c71b8033,0.8649927223813283
ck_5a6593d954085775,0.0033976799134058143
ck_70b9b79ea1aacba8,0.019404064790498866
ck_63743141ffa11f45,0.010516503283991986
ck_dfd3dbd0d97a642b,0.009171583312913144
ck_635646a661f05b4a,0.017820387149125254
ck_4b123d6931b6d0d7,0.5260783477330732
ck_f2b0e7a47f442557,0.9454741187401152
ck_1b1df006b81d38ba,0.006612878989017477
ck_360237c1bd30f4bd,0.0019278267107300476
ck_5e84bca0e362da20,0.010960627237972347
ck_142dba210ed2f3b5,0.06148128600155485
ck_a3564236069e3524,0.08043797287294832
ck_cf36d8b070ded782,0.0048883055873330545
ck_ddd6625c5eddad70,0.000798329809577478
ck_ad54292a0b2f44ef,0.03161132376763971
ck_45cd5ef6b359e9b4,0.0022430932991421553
ck_982c2392238b7be3,0.20599198950296804
ck_083e4ac78685c3bb,0.028358001221251584
ck_729cc0b46cc2e546,0.31534956878502923
ck_f2b8995fe5402759,0.0026191892557965286
ck_73e24f5a8da289b3,0.05371558363459835
ck_bd85f30c36f5998d,0.011968119818245927
ck_ee4ff3aeadf912c1,0.006545755362431384
ck_63d2978706e193d2,0.014228444540242687
ck_6a0684436a1e66c3,0.8053430587427425
ck_182dc4a2f5a366da,0.0016106352758378385
ck_e6fecb82fc2a82de,0.002754492275088306
ck_cfb06f07394dfe64,0.0011540644275857908
ck_7bbe1dc8add17ef0,0.05023461242833373
ck_5cacad76e02c8e3d,0.9579825936692046
ck_ca68dec0c7df5a12,0.002193907999097012
ck_e4c0fc52c82065d3,0.017091279687060826
ck_f9197b070416f443,0.0033366497560565487
ck_2a07c7021b71cf65,0.023637106678052733
ck_4fa85cebf707de2c,0.0007544526404152236
ck_0063d2a9507467e5,0.0023707967695628246
ck_ec986285fff05b7d,0.001817835814461033
ck_279d43303708109b,0.004999596085251275
ck_a406bf11e48cf8c5,0.09443519013316969
ck_064b2aa3f0bfdb6e,0.010242463394440201
ck_95790440bc4bd2d0,0.007344916343459805
ck_70066eea13b4c34f,0.0011736281319347807
ck_19468fe07e26f992,0.9402036617689082
ck_86bfe328e0a533b9,0.9100094633375866
ck_ace3b96c977a7560,0.3641065376311269
ck_642344e5c652d8df,0.01665789740831387
ck_074be35c951ae10a,0.02032024959701433
ck_f14dce41036486a3,0.9939318497317094
ck_5cf67a3a747e684d,0.5853976797716041
ck_f7285b92648c1c81,0.006990534524508404
ck_bef3193f124fca5c,0.46532475503543597
ck_05c4dcbb45de1f8d,0.007821579930065525
ck_d7c28eaa05bb7144,0.0013021698212126807
ck_320df984791a1b99,0.0012942832620548245
ck_f45bad1606fa00a7,0.009958977599525996
ck_6f81c199e986d9fc,0.004791252393181898
ck_d0c9633fed57c344,0.010734465393977622
ck_a3c25d6cc7478068,0.004434491770418058
ck_4185506d12cf9fa0,0.0010510443805978203
ck_7a02ee1bfba7353b,0.010459807075552705
ck_1b52590757c0fbeb,0.004464830264619609
ck_a0e5656e1cf9cbf5,0.0012961157995845128
ck_ace21f6daef94f6e,0.002984377882729992
ck_646d8d0834782d6a,0.4190137543565539
ck_1f136a4476b5e775,0.0360770401286992
ck_325c7643cce02da3,0.021458974222042893
ck_9b5e7fe28208f5d1,0.002077370684791827
ck_05d81b1a150f31c5,0.0019154032255022852
ck_0e9ec486bff403c5,0.022349120824646164
ck_ee13c091bc379188,0.01182637678407924
ck_f7a7f8f5903617c5,0.004760694239238696
ck_96c3a3517153390e,0.004523112272319399
ck_538dad7f096458ad,0.003747140681503382
ck_8758fc6622bbb7df,0.10330782201628583
ck_f7e53af3c91fec64,0.012237076764352319
ck_80b50fad7f255e1d,0.002129285197844476
ck_9645e7adc08631b5,0.013313583853330152
ck_e007aedbf37d6ec7,0.05864251313863682
ck_2951d76c41de2569,0.06672694313463047
ck_9439bff87e616d4a,0.006397759283579022
ck_a73045e96af0e4fe,0.010306611994537068
ck_7b382e533e2e925a,0.016515362864188754
ck_730226c2d216cacc,0.00939902544590616
ck_bdf837d761a7cec2,0.10661353257378385
ck_0b34197335ba3341,0.013864209143624582
ck_49170c4b31a20f5c,0.0011850188407111874
ck_cd553ba6589d8bfd,0.009218950707580172
ck_56b992c6f136fa5e,0.0037986534683598474
ck_8beae3d7328fa41a,0.025048703587376674
ck_1a065ea906ae3d6a,0.007023256885605784
ck_e9e3381d5e0e5051,0.0016793613738152093
ck_a6d4f998dadc90c2,0.8636455172141482
ck_d36733da917115a6,0.023101995238958083
ck_e738e920bbd74a7d,0.003675018178136406
ck_af65eb885a51048d,0.0031529054888471686
ck_73f4eb09af29b1c0,0.013371707360186844
ck_8fc641b1750a2542,0.0876901328639014
ck_41b954c7a948c060,0.0053913729810103
ck_25fc3010e8a0f6d7,0.010932973303203638
ck_a2624e0387974e0e,0.04486093719828939
ck_5cb9d7b2329d5ab6,0.03911132170087481
ck_6c83aa1d100a7cd8,0.06475556919414857
ck_67025c64588abd1e,0.003224005037359875
ck_f5dde68f6f0468e1,0.0025546434602060097
ck_46bfb2cfc29a6d2e,0.013080860889597656
ck_49dddb894d33f6db,0.0478780628070282
ck_f738b633b8862d18,0.0013157740805390256
ck_3d6c3c00d854f5a4,0.10760687017363794
ck_cdb8061d8d1a6c5f,0.007734035615463821
ck_5e1b81848718bdc3,0.009993133398098628
ck_8def763034187436,0.015027752718769846
ck_8f8e4fb9c6190272,0.004570166573207184
ck_368b968b5f33431e,0.002525048618889938
ck_ba7e347251ea399b,0.03634209351469446
ck_9075432001a64e75,0.01572640132913016
ck_73c5371635aca173,0.9082775111231365
ck_81793387b38047cc,0.003492781855749353
ck_0cf220816e320ac5,0.00333106291410495
ck_820219bb9c761b52,0.3093082167447951
ck_70a932ab39d86a24,0.0013799413632928459
ck_2c4be237a7ed79c7,0.0016978307687882809
ck_acc764b49ef02826,0.16232224779324608
ck_74c3c3452e4e7cce,0.0028606368788672678
ck_34dfb57e5bf31d2f,0.003244730379889882
ck_6ec39903f765956d,0.028780544727573455
ck_5986119e7d81e831,0.014332436321056852
ck_2ddfc948b8eac752,0.14820986562030086
ck_921ff5ceaf40a968,0.010440404454776493
ck_fb3b68b4424b5f92,0.13114919727597674
ck_c3db1b3ad4f16679,0.019974719849097565
ck_124a197be41687f5,0.011744306955899324
ck_c58d9151834f5bad,0.008765105059464724
ck_389607982eb6b701,0.6161294201183004
ck_fb0c138c003e933a,0.0010353165043959867
ck_50d0bb7edd8c69c0,0.020026050685354423
ck_c6cb651149dc9a8a,0.0027354898352076446
ck_81e21354e477eceb,0.006744822480867845
ck_7696e38b3e4197b0,0.008107654312782837
ck_586001d3ed9e7fbc,0.0034534652391334368
ck_bba413492dc46f2a,0.017625575897455302
ck_95b894380ad2702a,0.025503492757925034
ck_277621473369614f,0.9962949852564463
ck_a50621b5eeca84b4,0.002446314519808138
ck_bfa7ba218b988cde,0.026324847011909847
ck_5ea89567dfe78e4b,0.0067824229898353575
ck_6c679602a6476ab2,0.007363354883063266
ck_d3885e286b3b11d2,0.03560761235235314
ck_cdcf6671b37c9c92,0.021591820066536874
ck_b5c93e6d34f8d366,0.002071920528301823
ck_c24f61925dc158d5,0.13412516416401618
ck_cd09375e6c81d2c4,0.010105114814343799
ck_a95afc7a00303a26,0.02512019673584196
ck_8e89ca8b39f3f8ad,0.0013472425811395913
ck_9a84b396aada3fa8,0.14815517035216952
ck_5124a2e415384945,0.02079743614110039
ck_d66bb1f063357f99,0.0026800958631257926
ck_0fd9312411b0ac55,0.01361517565674161
ck_ad8cbe6e27e47ede,0.02808988657234166
ck_8398adeaf41f9cae,0.02041120989441513
ck_dcf851e7bb5855d0,0.001343036011037899
ck_9affb0f26776b642,0.0031573498924293217
ck_f0424b3b36bdbef0,0.017839664275379162
ck_66746d1090d6d9e9,0.0010069202232830122
ck_e5f8c8a5824db594,0.0032971396030964744
ck_3e91dcc209431984,0.09579729186956332
ck_126a82e8d42e5ce6,0.0031402874746156674
ck_38e4a74ab256e2eb,0.007195533848350155
ck_1225a97fc413a419,0.0632326529514872
ck_9b5ec0f78e160e65,0.0067598633058131505
ck_7c5529bcc079600b,0.008217924569972347
ck_29640fc2fe81c251,0.007310602243856701
ck_160e9ba0a3f7c1fd,0.0018237766710411736
ck_bff090cb4ab76b9f,0.02291704693030901
ck_aa06ed358e43db69,0.031132956896076414
ck_7264486eb512d84a,0.003025231614572391
ck_f5a32e6160b28379,0.004880258090289726
ck_4ba8bec14c2217e1,0.002178948721187852
ck_610815786d729d2f,0.003761598328435602
ck_e267999226b6321b,0.0008472891621974993
ck_f3996a3c8eea1ea0,0.015131369612330092
ck_e9b75ed7567a3f23,0.048946029363792436
ck_d21612d48bb4f7b8,0.03015980669540693
ck_1f871df76c6a995b,0.020792247829251397
ck_953bd5de48ccd70f,0.6989217361273544
ck_02a9104419a6dbaf,0.006521469378002923
ck_1eeeee651e05d535,0.0375852336765459
ck_e2ab04136a442a98,0.003844519593818143
ck_f0d806624ef3d359,0.019590965768840833
ck_4b68b38c1b3326a3,0.013144608781662287
ck_74e60495f8861156,0.012308675076437403
ck_398f3f4cf05c721b,0.0012307790147572674
ck_f761b7650a0c1a85,0.012756756486384885
ck_7dadef33f5e2d94f,0.9938029101810466
ck_6ff6883633b8c7ba,0.0013377407266149373
ck_4d2159603045109e,0.003790914636036533
ck_a38bd07a5fac5c9a,0.010308624732362399
ck_f517f06551e69507,0.010555628665317259
ck_a7ea00a1760ad561,0.9932433431911442
ck_31fc51d5a3dfe16a,0.010490658709336876
ck_bac5233623b25ca4,0.015672194039942737
ck_385188ab27784fe3,0.22125405537362183
ck_9947a323bab5cacd,0.11187593093575335
ck_7973edc9f22ee7b6,0.012087106218248081
ck_f97c477986043755,0.0034824945112217737
ck_1a3fd2cc4b4de196,0.004171928702268355
ck_e18ac29ea62cb435,0.038410348619042724
ck_9720a472a3e0140c,0.0032624728606928353
ck_668c7fc7d7e47c0e,0.025532396218691043
ck_214af0806470ef48,0.00617089182440132
ck_a46c1773f01f0be7,0.11973169145278321
ck_f2bdcfb4203ffdee,0.03479251771939405
ck_40e84e6ffe788a4c,0.009962490629193788
ck_dfc6f5712d8d6678,0.08948433805249903
ck_01ef1036b2e66a4b,0.00919928874203652
ck_3acfec10eec32f9c,0.026274076728988054
ck_084a85145c15ed77,0.010811783962440312
ck_fcdb4fe2f095fba1,0.07183028495168087
ck_023908db0a193076,0.12012483734394945
ck_fec0ff92fd622253,0.006812941992616292
ck_c009c97d5fafbced,0.07353614343956802
ck_eb9f0c06ee017ee5,0.008923190300244853
ck_d7792b429620fc24,0.002125810154951788
ck_5e9e149a3b69c726,0.014544173518886344
ck_ce927322ef8f651c,0.010960683818872486
ck_b8fd61a8e82bce32,0.9861585083517941
ck_9aafc33fba1474cb,0.0013054332095675705
ck_ce81ff9b8b35562f,0.00425941171040862
ck_25bfca1d8eaa152d,0.017489528961678824
ck_170c65860e2a7e23,0.004035204229229555
ck_952da7ca9f33decb,0.03720362393613066
ck_1ebd574406235957,0.011261807374948666
ck_589109a188adc2c1,0.0026787287017113874
ck_f0cbd5383bb07778,0.11240252707472102
ck_242521e261148fba,0.010435329226107917
ck_509cece86a558de4,0.010448598600876904
ck_0dd7c5925d28755c,0.003967397700053844
ck_a7e669cf1c3985aa,0.005813000025425305
ck_acb84dc2351eeb76,0.002838640136060479
ck_b837c7dac2a9b931,0.012835815075019866
ck_18eb1f9181f95df4,0.0036512124020226
ck_b0b9047dddb1ec84,0.5720479618684748
ck_43aa136bdb0a2832,0.20703737795201219
ck_3e47f8c56c811700,0.0028686594999441954
ck_77c587d24695ea15,0.008523455163741814
ck_20578ac693ea4e93,0.02157997674604826
ck_b9f6040eebd1605f,0.023635543300566088
ck_ca9d86f65cfdf018,0.002311846012271925
ck_a4fa8833995c716a,0.002776945142235339
ck_f589f1e29301b5fd,0.007292518930931069
ck_961ddb8ff55d868e,0.003309965935730832
ck_5662492a54e6688b,0.020419853260334027
ck_ad48826c1c26eb78,0.651549374271607
ck_621c9ddde6bf2eca,0.007678865676259493
ck_417a3500b2c717b3,0.033600309190312774
ck_c7e129058beb3ac1,0.014834278231356801
ck_ec1c902b9b9b9c5f,0.09006487070703774
ck_317360ec0a67d27e,0.025320261208485635
ck_3e3ea5d8c4a229dc,0.11910434872437681
ck_d11d27de7bf0b973,0.41598723287663714
ck_d37d56e931105db0,0.010412999238465021
ck_4863077723cd6ce1,0.0018617683118016635
ck_479a065d5903e9c3,0.001611715026214126
ck_e66ae4fd586fedea,0.0024034009470318826
ck_192bbfd0d5720134,0.003265816267811176
ck_3b436cb29af99f3d,0.006109379462731282
ck_7c7ca54969eed187,0.014573412975416783
ck_826ee896c9f1144d,0.08899944408956645
ck_ba1f6dd43fc8a0b1,0.003700329501879221
ck_49685deb63e4e8f8,0.005772789451678441
ck_687ab5d5554bfa79,0.01201052505725915
ck_41346ccd9242cc8f,0.0010646334653851093
ck_8f8e5e2b9dfec3d1,0.02512213121381342
ck_94d5ce61a0c50465,0.00505545975744162
ck_6b954c75aad8c012,0.026667173079179048
ck_748af92828c9d288,0.001539080227693053
ck_dddd14091ce812c2,0.013301668182826989
ck_723323f6870fab59,0.03999195647084549
ck_dbdf8d0708cc6718,0.006735898670962281
ck_f04938570a154de3,0.006324313838718504
ck_58afa1550b3b5294,0.006669494647807946
ck_3b150afde386ecff,0.019265943421433746
ck_666b95e75d99ec4e,0.8443313041934892
ck_e00332597cf1eb24,0.008231731827717689
ck_9a9e3dac79280d7f,0.09882952776997285
ck_e8d37262e859d9a1,0.014238903023186814
ck_895bb39d24bc1c4c,0.001134405201930102
ck_b367449195e36499,0.008123790287888996
ck_d23f9a50d1135ce1,0.04543268402900113
ck_670dc4910cf476c2,0.0007993906949281621
ck_3ecd8a5ce65e21ca,0.0014791271034354108
ck_8584fea2df4c6317,0.03155880442337996
ck_0789ff4562202b20,0.006695783285106045
ck_749e0e50c3907be8,0.001009584035818461
ck_c3ff6790cc6d7e34,0.005808103670489867
ck_75fb7e56432ee4b2,0.004190692904958754
ck_529fc3170fd11abd,0.06339701897556813
ck_34a69b3b4a681796,0.04992571260117483
ck_255f0e5888ae9e23,0.024213465258783002
ck_65be698386474170,0.0014660188728914487
ck_5eec9ed855c26000,0.0022711719580820805
ck_5ab39bdc9610f6f3,0.6188924763418949
ck_1b5b75762f033462,0.006428127979567366
ck_d3e208671cf37f91,0.9812333855364663
ck_5068ee554ceff971,0.0193208219080148
ck_d7d50fb57fcb2d0e,0.0007004216458780225
ck_ba6e1115fceaa067,0.008054513613373556
ck_d07bfb16a4a7dac0,0.8160350921316841
ck_ead68310311690c8,0.6955358986670921
ck_ee53ce862bc9c111,0.026566545929871215
ck_97e56e6037024dff,0.0022440561689049455
ck_80b04344c98ec072,0.08824298586727262
ck_5954f45a2ab45f43,0.03226868398416184
ck_18ddf7e836256e3b,0.006070033552189384
ck_89a1a780144d808b,0.026613000773550825
ck_a7331e8b808c39aa,0.04449721832417833
ck_a1fd0ad03ff9b776,0.015232302946794405
ck_c0cf50eef030b401,0.0007132780219586942
ck_074f20921189e7d6,0.0013180812653565226
ck_e2aa7be60794593d,0.07438145679084297
ck_72771757dfb7f7a8,0.00948819929408504
ck_a9cd84a6dddfe584,0.009858432492092773
ck_142c00f9f8557504,0.012826371392158892
ck_221b5d40358230f4,0.006483500570229642
ck_a2d7a563f520b7ea,0.02446318663750548
ck_66cd34bc568d95e0,0.013036438995725324
ck_a17128972d3e507d,0.06661589809225191
ck_bda299466bb2136e,0.006858788961828921
ck_2b699066665abe8a,0.00663607662146988
ck_0ac9848bd4ba0c14,0.0009615170159580558
ck_98d2f9a6ba3a3077,0.8074030147039035
ck_a872df31b28a5f7f,0.047554748347633666
ck_7e73e1d44ce82ed9,0.004419421535793363
ck_1a415416f620d49d,0.010201659799639266
ck_c95c786d2f8b8edc,0.013446073116871696
ck_e45012f22b7f91d5,0.002608688000156055
ck_aa0b083e2a6813eb,0.04474348036265777
ck_4666232ddbf77756,0.006429160976361532
ck_e08e9c8ec5f23d8b,0.0063096466828609435
ck_31d4c0518e5f52c6,0.0031506242111029154
ck_c1ab40638f04cb02,0.0060518448768580166
ck_4c1fdd1669c7cf51,0.0020024222487627966
ck_11662cc7940ffc82,0.017916721516251406
ck_2e679af24adedac8,0.002437036579276062
ck_454b9e21b7f25a4c,0.0033862827544535097
ck_355c4f29089731e8,0.7500886436008977
ck_507e40760a24d2d5,0.018977428493440494
ck_0943e0f305078e34,0.9808115449784672
ck_abc54ed7111e9ed1,0.0032083935625422653
ck_a60fe02fc04407a9,0.022174533973228775
ck_244b897bb4d57c1f,0.0015034219526063272
ck_8c84fcde93a04334,0.15307415971484217
ck_9eea37d2de633b27,0.0035708194295912773
ck_b2cb9e6610eca967,0.004032650483397135
ck_09aadb4c41b166f1,0.1276975559823263
ck_8d94fbb4828ef326,0.007308910237850477
ck_089e3a07abbe3b8f,0.0035123136661481076
ck_dfee9de05e3971cf,0.007354066114207712
ck_6abf8302ce052451,0.12560712867774618
ck_6ffa90143838a4a2,0.00594092658007839
ck_325caeab5c7a9c3a,0.023213867610838722
ck_1964ee9db929a173,0.6398604493216478
ck_942b95988a6245a6,0.13418889498331205
ck_913ecdeeb8e21a9c,0.0059784412206095195
ck_ecf9794349eb4b3b,0.025594869565432492
ck_b6cb8d6ae828eed1,0.0549832471597229
ck_2f82ea66c4f53b33,0.11865892244859917
ck_6e676daa4855b58f,0.04576272099756122
ck_2a37fef48b44e9c8,0.01914919420972423
ck_3bd12d468fdc2450,0.0050200110069905605
ck_1a28b6a40a6bd3b4,0.04747398112557612
ck_61b79dec96d15713,0.0016750540221064179
ck_31d5e3daced93d3c,0.004811683683848456
ck_e6c8611c0cf233d7,0.0017723651489010867
ck_f04761b4a937ac3b,0.0076395939852052465
ck_38c1c75cf055031b,0.0193096408965219
ck_59a561f3df01441a,0.03396063605919804
ck_04e40f556a5062ef,0.008179205199728545
ck_8409716d174635b6,0.0032607814975358445
ck_3019afee83342701,0.008610556638290617
ck_b51a58e7f032c9a8,0.02560575805337769
ck_5043e474f848346d,0.017269894774961443
ck_4388abce33ecd01b,0.21250200966406432
ck_c93def7392f0aff5,0.03904875176159675
ck_72e7b1acc19df820,0.004348798219450473
ck_f253130dc3ca5b3c,0.01244290350127088
ck_eb264d1b180d4b4c,0.02815757177502019
ck_c2504f5a113433ee,0.0005287788571439642
ck_c16ab1e4dafb4910,0.2527443534508454
ck_4bc42878fa180991,0.03376380963857216
ck_1c771a7c78f6622c,0.03811694335441998
ck_d523f0e50a2747ad,0.0013873339977496472
ck_9060f4e7ab7a1b0c,0.02575166053188089
ck_6b55ec4e87a5e22c,0.06749252792056354
ck_55fc62a5f89a7251,0.008254050489392591
ck_bd2545c62f258231,0.06610863014415265
ck_1ccdc69d0bb712b4,0.042229619715372854
ck_710f867a3bd5898c,0.003265780728133781
ck_f91d48c40337d375,0.0028706805554997903
ck_f76d929541ed41dd,0.04069059692864997
ck_e26a6659c237b650,0.044215893172590545
ck_184983177b73dea5,0.010840155155030017
ck_6d0d081bfa8a0022,0.037886988259623625
ck_2f6e64f638da0f97,0.002396587597780223
ck_15b93103ccd38609,0.0061054852385129975
ck_094d10439b7b4eac,0.0032919820386836467
ck_d2ca47180a926ba2,0.010221239337657118
ck_a69ca7b9d70972bb,0.0015043371386028286
ck_68914e67343a7d32,0.001543529849573121
ck_8176616132458c0f,0.02596983851368062
ck_eee99af3598311b8,0.015181941524052004
ck_94410eedfca91304,0.05060574522149882
ck_cfb11a0a2325bff5,0.0017694468800438282
ck_75217ee144b715f8,0.06601691706085851
ck_d56fc799542299b8,0.0030151083842021946
ck_4c352dd3e7c81269,0.03446144420340611
ck_e23e50e02cb3904d,0.017234955657097734
ck_b921af37d500e139,0.020846841825842018
ck_82181b935360dcbc,0.9868732819017373
ck_22a7cf3b99c5e5fd,0.0049892462872380096
ck_f67ee7910d532216,0.015194076480539576
ck_5f48762a14a0326f,0.002493663488611515
ck_1757fcb0e6e3f88e,0.05448004292706073
ck_2c2f080ba185016e,0.013248324059746122
ck_4c25570eb72711b8,0.002391717222874672
ck_a3be871ca22ac416,0.02095015545340246
ck_ab70961e7c6695b2,0.007595798076782475
ck_a1cdebfc42a52448,0.0016867310325042132
ck_f1b80b821a20186d,0.03777155780511386
ck_ae668e4564cd2aa1,0.003243208821996117
ck_0e2bc3a5afa439d8,0.018020132362828987
ck_3dc378f37d0b74b8,0.008878457115634834
ck_9f9555197480d1cd,0.0020160260261778344
ck_bf4e7d48770a4a8b,0.01887510111103785
ck_614ef655f0685060,0.0038545414518278294
ck_04d2ea38ee27770f,0.0024104041710028
ck_e03a9d8ac94161d5,0.004604608704341702
ck_d4007b5b26d9d854,0.0013838028555699076
ck_2dd147ce6d61749f,0.021176235490462762
ck_ff45764ea7d6619f,0.026326823268401345
ck_dbc487cb0a6c18da,0.8880432578865454
ck_791d5392bbd80447,0.004878108649954821
ck_b4068439c413b150,0.004259383139404813
ck_85df7b7de9700aba,0.0029093573895069896
ck_001e42551cd06e40,0.006283033992070369
ck_a6c02ae50932cd9d,0.002754368503904411
ck_9fd0be2c018ff5e4,0.007303910583418722
ck_32a495128395fde5,0.002786171490334084
ck_b6f2a2fd232c141b,0.007419666449062961
ck_28dde633692904b0,0.05645164425670285
ck_a1a93c5f375f6021,0.004980096901826353
ck_e3982142336782df,0.049031031800326655
ck_a9812ff3c111ea94,0.03487383075122672
ck_f04062216f95fa00,0.027175336785878423
ck_7c560467daca735f,0.00047788507134763185
ck_76ee10d6e2dba70f,0.03719944817078976
ck_3521243bdac61178,0.02814942798718737
ck_28588fb03b320520,0.018403284355954567
ck_580dcec33ec232b8,0.005081507646681272
ck_7109923fd7dab20a,0.02473791386285971
ck_7c872c99481c1e9e,0.005593142429769606
ck_46f4e1f5026f4d1b,0.0017326861278479338
ck_00d1ebc31ec4653c,0.0028081260786861247
ck_aac70764dde15168,0.00689468170108339
ck_648c03f9aa4e45f1,0.04497213310459662
ck_5478eb69ef912785,0.18980495306768494
ck_79b8523137bb2603,0.04245586273704159
ck_795c49f312640019,0.0008504995937916747
ck_89184bf7b7fe41cd,0.1913259545121193
ck_97d4bd922996fa10,0.006864323982477336
ck_1cef30d08f3a598d,0.004377001994193639
ck_2f9fd36a4a40a6a8,0.0016760375172205169
ck_40780fc0f8d6f309,0.025196944735810217
ck_9083ca9fec2a7f4c,0.007652048337447241
ck_62081bc35aa59931,0.025377083864097056
ck_2e1b46c5fc56b863,0.0501776098118053
ck_3d139692c51b604a,0.034473059716082
ck_b5e54e22e3d6960a,0.007839130777038442
ck_c0c4be3f44311b04,0.0014192952798099752
ck_82a8bdd2692c2a5e,0.0012772436492381363
ck_bdd2da300b530c5a,0.006934369432549341
ck_ee40498cd97183d3,0.004799744407856679
ck_70b9274473bd6dfe,0.0020923951737354266
ck_473d6314ea614b29,0.003790875825117572
ck_7443d6dca8cd1352,0.005306104736928654
ck_3b49768b448b071e,0.025213239494032806
ck_b43f04431c267dea,0.0011651145834922672
ck_4424a5223ba2fe00,0.022428602323919238
ck_819bf3e8231f4081,0.011754869789137961
ck_91d417507a8c58cb,0.3051729409338482
ck_e88e86b19cada4aa,0.014036065300576134
ck_59684167f9c6bf4c,0.2066205915163278
ck_d5f5b0dc97b9dc27,0.011817364648558645
ck_13d1b192bbff8f32,0.006316704074205796
ck_b21d8630387cabce,0.00670699476481752
ck_e4ac22046699b99f,0.0027671093183600573
ck_74b848064f2ff45d,0.002568947836060576
ck_166aa980cc87fa77,0.016669829862154643
ck_98e337806104dd88,0.00195940007044943
ck_66eb09be007f0755,0.006318642587627538
ck_3ec9b9d8dd7be11c,0.032192633460229304
ck_8b8b9de339d75d0b,0.012135269246834777
ck_6715139e240007d9,0.008137487586056574
ck_a0255ab46e122d2f,0.002356798360520113
ck_66e81a4190c33510,0.0039014006098163586
ck_5d75ea4f5c9080bc,0.8274911489130682
ck_df69858b8a8b3165,0.0064086063382778145
ck_e15252ebd7553422,0.002175497356913379
ck_34d6d74bb3ed11e5,0.002585437954252374
ck_c2608f78f6851d10,0.0363024584241734
ck_bb99071e8f58c8a4,0.5782694961005515
ck_06010f0df5b7cef8,0.0681379622042116
ck_8c582eb0f6c0148c,0.017187298887156182
ck_0034d010d28aea78,0.004644560381953708
ck_01c1f06692566ca1,0.01619069546682649
ck_4807726e797fb893,0.0194358203719932
ck_edc9668282e3c8cb,0.023395051494025237
ck_5486768475af7bb5,0.8021044394277919
ck_3fb9813849e51837,0.0069468204890833895
ck_861af5a9a9a6d619,0.0016716358216285168
ck_da39653add0f1109,0.0016062645343301635
ck_74a4244eb1f162e4,0.0007469843708980412
ck_9a930faade55b8ea,0.001266705172699694
ck_fb6e06ca88519dcd,0.007217356809506105
ck_9776cd8263a9f415,0.0035038158140974036
ck_b3dd1198ac5aea73,0.02231547663496603
ck_b6675a04df1a4276,0.0055001906939108934
ck_5c7ad6e731b69333,0.325482762169819
ck_28dc0fdbaec00580,0.19951861572574062
ck_8e7a32f7e3905f4e,0.006513802942920281
ck_8563fed6674afc77,0.029184371783479747
ck_9a2fcccb82da663e,0.0038182052453969552
ck_6a519bdac0d94527,0.0033523062177490486
ck_a0dab7aa9c4a39a9,0.014637457896348936
ck_a3ce05e9e5e32142,0.005757097263442307
ck_7a7e40ee3f97c035,0.08756623691798315
ck_9e9a830785112a73,0.004878000338216089
ck_ab1bb02f6b189304,0.18834707360402242
ck_7b8cb0f90fbdc8c6,0.0017574887633632335
ck_b138fc249e659e60,0.004703881489612471
ck_e73caa3771ec5e0f,0.003301301505531912
ck_18a55b06ccccd88b,0.04492380177507983
ck_fdcb1d9265d8fec1,0.045481487648886695
ck_e21a900556b382ad,0.03634356066151732
ck_c6bf67470f526771,0.02876160486509634
ck_b568ba3837afb39a,0.002226317432272059
ck_a2858979dd5645ef,0.0013139968382783881
ck_1da9d40837ebaa57,0.010460075418294277
ck_9341c7959543c542,0.003537487757998383
ck_c8ad86806b9a2369,0.04164903417918707
ck_5c85d93ecfed4b0e,0.002527970028634156
ck_f07b09879d697b82,0.001506261805035413
ck_fe43da07608b1749,0.016223339853236797
ck_4bca22b5926b9c28,0.0018870971711801407
ck_aba573aa942b1d41,0.0014637344190181257
ck_57c14e32fa4683bf,0.003353750478724915
ck_891530b489ce402b,0.0049912135693430774
ck_5e74fdadb93ff293,0.20079562251629887
ck_14436a409ebcc90f,0.0050488921028185516
ck_00013fdfa0bd37dd,0.002024721349477461
ck_7dbe24ba01316775,0.07828418070282689
ck_0e3f80c1553c591b,0.006639085767499414
ck_3edc45db58760d76,0.0072516337243619024
ck_29076a13f539187a,0.34844384355887525
ck_b1e81b58b9a545ce,0.019650158821972255
ck_3f8571d4f7420b2a,0.04155247183353514
ck_7dff6abe4bd644dd,0.7711466693575831
ck_2884bab237af16b7,0.004166333633536695
ck_231e6dd1fe708000,0.005918395671881629
ck_33ecaa7b892e73df,0.004956133101117286
ck_b109ec4c63503030,0.002666596125906626
ck_a7f522382509cef1,0.004802465014418856
ck_748b3ea941d8b3b9,0.0031015466070147663
ck_29f3a1737a2d9634,0.01323174861212075
ck_cee8d42475a0f020,0.0025193367594825954
ck_c6b6ebe145a8ffab,0.0024187134564229436
ck_21c99e1d6b881894,0.0020461801997431572
ck_5ad798286384484e,0.010145334097554937
ck_b621b6ffcc7f4848,0.002050017357476337
ck_ea819e337233475c,0.6305674109084995
ck_9e3896c2668ce06b,0.01785649111500634
ck_501dcf1ead036d2b,0.007160461542410163
ck_8d5eda29a2cffa3c,0.0027259520124273593
ck_4d3aa36ff83f1132,0.732353136290784
ck_8e9faf94e3e6c757,0.0029935828263835985
ck_ce0ec41f96951048,0.014185866994918245
ck_f09165d73ee903b1,0.008218610547191734
ck_a432b1bf1d3b3d5e,0.21089860357758697
ck_ea618f720ff0b4b0,0.0027651635481201952
ck_7584e7bd755cb28a,0.007535865943173546
ck_e14681aad43e1a72,0.015339235997305434
ck_5e18870d8e30e379,0.011296874191918958
ck_ff7c26a62bda8089,0.0025997511385141584
ck_cc5a35175d381d5a,0.006256854217533342
ck_3c25029e40aa8a84,0.0013885045774724304
ck_771247b5bc16c12a,0.002013058334958541
ck_664b5e02759f985a,0.0038268332517841577
ck_692a9e8f504b9762,0.0012866111017134124
ck_df8ad2deb0a4ffed,0.013002907286515129
ck_eb48c0bcd12ea654,0.012935191296265084
ck_7c77e597c951cdad,0.02258178363806177
ck_4f75144c6f3b13ad,0.013010609998369383
ck_1bcff399166d7c43,0.010165512199239904
ck_975c2aa3d4a8c51a,0.0053396422251589925
ck_bc6f07b06aaa4ce3,0.31978081289920085
ck_80b072b7f3c7e8e5,0.00974813708640775
ck_471e4018a23b4e56,0.0046770250162958115
ck_53cddfba570b4a3b,0.012487534615060393
ck_630530e50764f229,0.017982195973154248
ck_dcef7887a4f1e435,0.028337399323317004
ck_2795921a055643f6,0.006125402402114961
ck_7456df89f3792235,0.008033903640437729
ck_5014a3b07e1f049f,0.5454479713816526
ck_d4ec44760cbe03f4,0.006448411940733631
ck_96810ad39d4cb7b0,0.04662327274146474
ck_3222ea25aa29bfa6,0.003036893297804981
ck_f6c42001b84a10cb,0.34552368132752453
ck_5ac86682385c86b8,0.017300573294225
ck_4280c33af57eb4f4,0.0031628644081885425
ck_05f79ddd8eefaa56,0.015780116541066175
ck_3a57a13ce032a6fe,0.0019414423618832554
ck_a721f0d635fad68a,0.004032017356952386
ck_a3f821bdf408c326,0.0014376705353741337
ck_0ada63008be5685a,0.00650621632950694
ck_8c949bdc6e8720fa,0.039787281119410774
ck_c0d2c56f9c722e99,0.9815283024505372
ck_5d2b9e6e087b8dfc,0.9901068010937075
ck_5217b55593a332ca,0.12358143454185791
ck_7a7bb9be5a7e48ad,0.08355112756885633
ck_24cd0d779e866287,0.002978040242089893
ck_7367917891a63771,0.016006133062673504
ck_4b31a8862a857e6e,0.7936363414703039
ck_81429c4910ca46cd,0.0040552749720994125
ck_b35d803568f82d9a,0.008436105785388724
ck_4b00e75c2d2d0522,0.0063710913938194195
ck_77fced07f6dff42b,0.00522414028228998
ck_3c9a06eb07c300e4,0.0026763658185367575
ck_b3867f7f494db64c,0.003189770468951821
ck_0c45e54897ab34e2,0.026297112573236858
ck_507a6a580ab55c76,0.007791434261393638
ck_291bffc7809f896a,0.004624269772519762
ck_3753cc5b9d02e2fd,0.0015471487219933771
ck_4f63d5245b3ac1dd,0.00847363886725234
ck_9dfb2ae78659240a,0.011994208217151235
ck_90f6f5ced708aa75,0.0009009870761228231
ck_8b5b5a6b5539e39b,0.803561267946923
ck_4719112b55d20161,0.004834942042880918
ck_fec888a7108ca52d,0.9896306024458271
ck_4f5d022c99f118b7,0.024481124839085384
ck_e967ff05514b697b,0.05088119264983855
ck_839ce35819bfa4fc,0.003118507560636868
ck_bdee1221b9addff8,0.006159524391925519
ck_9cde4036d0914427,0.006804596665280703
ck_5ac959cbcc5e98f3,0.0027652961406156324
ck_619842688294dabc,0.0071581410084916725
ck_7373d7b04c7799bd,0.009247370987477788
ck_c1dd3feb9a0b6471,0.009054510618498043
ck_0324a4812ec319c6,0.004156365805050559
ck_7f3685aa2933b251,0.006251652347042376
ck_06aee5a62a67a84c,0.06661458896823723
ck_3428910b44b9d08f,0.0390333196329231
ck_c3ba7534cefc1de8,0.026779275109652268
ck_1f1273a67cbad5e5,0.8781297847497205
ck_124565a11b2f8bb8,0.0066174480864804345
ck_38e46bc861e0165b,0.007274367016450981
ck_c8ad3f01319c065e,0.054772252626371296
ck_3f94a34f5038f7c1,0.9009125765944745
ck_cee56be5a502fbd1,0.10111364011043959
ck_2b90b76cf4d162f9,0.002999650234571282
ck_884b2e463ff1d54f,0.0031003412081757795
ck_fab4f2f8531b4827,0.009276220771432152
ck_4fc6256e0e60a926,0.003378521013420615
ck_0a2f8b2f8a5b6f02,0.01770741646053598
ck_9c0deab8a8367c5e,0.0020547347575101114
ck_d3a2a4c011fa2554,0.00526081261966029
ck_4108b4038f762817,0.025909533375809396
ck_4df036e2aa7e1056,0.005221339344082976
ck_ec094eb1cbb3efc5,0.003186288324185565
ck_09f8f51bfd2492c6,0.007518809886447054
ck_b60fb9a10d6f4489,0.012442062139798944
ck_3638bc3388dbc1bc,0.17933304171849718
ck_7a58e0cc9943c39a,0.0041406191977150005
ck_37dab6a0a536ed49,0.08404323439419036
ck_adc576690df5b33b,0.016177345328530324
ck_1383b2b1875000f2,0.007302704504499637
ck_43c1248db37a2eb0,0.0030612133622588814
ck_29c11bd68858e923,0.0013475637976531466
ck_9401f9e11f65337d,0.025405139719177534
ck_ce5ed372b1a2ed6b,0.025463953476252778
ck_08b4619490e751a8,0.46811426490019664
ck_44b9125526acb05d,0.05300664182646225
ck_ef1a1de20d2124cb,0.0046561057188107425
ck_e5e2624b7fc89774,0.024363817974559034
ck_f5100511609b92c0,0.000887680179845003
ck_64f3bb17101b7c42,0.001675183494919602
ck_ea1e5b5128ecba2c,0.002345099605510891
ck_516163fcf04d5e77,0.020000435196991274
ck_7f9a748110d70005,0.003989678319860244
ck_d263b55f0a681cce,0.013509512795481567
ck_0e962eacf98a813e,0.002387134772386943
ck_0406931800e0e2e6,0.010987516708503913
ck_0e9b982afc88a3a9,0.9911469436798195
ck_8bbb625384edebd7,0.0021179190647597655
ck_5eaeb87bf6207406,0.9085642041278149
ck_cc3318839c4b0745,0.002723178330868225
ck_08a0355d1f1890ef,0.018596308633315482
ck_af7ffd1a822460d3,0.30205173434333654
ck_2a09c7aa870edb6b,0.002195555221772918
ck_bc04f51c23290bcc,0.00996820328253547
ck_d3a8333cb389f4c6,0.03564370774386361
ck_88e3dd3039508332,0.04541436735449672
ck_b8c7771de9b57705,0.004911786328095967
ck_585ababa02383b50,0.001520299396201388
ck_e988c108754cee9c,0.00404864593981142
ck_4a691892d9d6cf89,0.004764516238712534
ck_7cdce37d895eefb8,0.006228178005638677
ck_483fb981a1fb4317,0.001220316037431422
ck_c1e5182bd99e0e35,0.09771090258038756
ck_9a1e3ec9a1839939,0.00592381725439824
ck_5c3f13de0dbd5086,0.010796197370663611
ck_f4f6f0caaab70040,0.002479504676411135
ck_791be3378dd7d64c,0.005073354252138886
ck_956dd784525f5886,0.011883756772909333
ck_098167eaf124c279,0.04508771307054521
ck_33ecff7914349ebc,0.007123290710020147
ck_e05d44e46c7174e6,0.016909753390706567
ck_1b2ce474fa6582b4,0.031000933437097877
ck_ab581082e8f72e3d,0.001699653384092377
ck_e63256667aa19070,0.03186096929005938
ck_f568772b6cb3febe,0.007122617894677047
ck_dd89a282375bbab6,0.056597418438051036
ck_a39d0bca345b492d,0.009252196144896054
ck_d12d2924d0f7a64a,0.00516356547135235
ck_6a548da1728b5823,0.9824277001552476
ck_6d64193681d2a94f,0.03882993023315331
ck_ced6b6dcdc7c201a,0.003493953559765469
ck_d1b0699d26282871,0.028565986556342043
ck_58f757e40a9b8877,0.025316149553172608
ck_3272c2c4a37d5220,0.3800619370251022
ck_d94dfde9e03c9d1a,0.009952579807723311
ck_08a6d4903a7fbaca,0.022544285825425996
ck_6c72a36b05fa0f4c,0.060353549744492904
ck_dbb4bd4eda97255d,0.006769081381106959
ck_94b59bbc824b307a,0.0011435741910095084
ck_0229a07185f15469,0.004665308508716784
ck_11bf1039f8b3025b,0.004046481026805167
ck_36789ca11459131e,0.06639384804273418
ck_8572c5f5c1447c62,0.017189377083469952
ck_9e75c6641939f4fc,0.05855751267467672
ck_b45e47c39d4dc7bf,0.011146803844858508
ck_02903c48b6cfd65d,0.006297712268045698
ck_b153386f1729de81,0.013091816139644146
ck_36979996f33498f7,0.45770698411247945
ck_3c02d4dbbf6716b6,0.0075512052626525135
ck_66c9a19963957531,0.01886956548355199
ck_bae8dae7cfd8baba,0.001106835635629995
ck_bba0ccc6cd968680,0.08399773527125884
ck_3267fe3aac05c71e,0.005064601066168373
ck_40052cac10562cde,0.019611321122058913
ck_d973444855403e2a,0.004708483228430671
ck_012519bb095ad36b,0.9930059903159926
ck_ad7c256ea10c4a00,0.12443258745703736
ck_70a60e095e9b706f,0.0005665885462279286
ck_f2734417c0db4ee3,0.0026113032490488286
ck_9cb89cc3178e0172,0.00779345534462051
ck_779cc0f2de4d5488,0.12968080971736506
ck_35f8656bf93e3b3d,0.015573216792755033
ck_bdd8eba728800e29,0.02849119029306143
ck_002cf760d173f0f8,0.008299219090742393
ck_b046067c6ca3831e,0.006143062706979293
ck_a4a42d4bff8af645,0.007095417672897839
ck_bce253d2396681a1,0.007706579375104443
ck_00dafc060c8de32a,0.0020664536518383
ck_968a99e097ee78c9,0.028370349606964752
ck_66949171b387bb93,0.06762632070222183
ck_ad305286702b1958,0.004212941909541948
ck_4732da7e0d2dfc7c,0.0013040868560194774
ck_17a95bba77217d85,0.016135225565800094
ck_3e2516a3e35067e0,0.003195594981732888
ck_0b615ed566da1f58,0.01655087320914645
ck_d2b3ce1ebabe9f93,0.05353082897264566
ck_a892252e4e0c2828,0.003925905870791636
ck_cf606fd6ebfdf9bc,0.004809714649591661
ck_718865237134ebe8,0.006928024531652132
ck_878522cb775b904c,0.17036674563004608
ck_9ed53de6ef779ae0,0.003599893818616058
ck_3f16e2cd7e6874cc,0.008334256802284048
ck_3c59df37895ead2d,0.006635163955874669
ck_6821459b626d492c,0.0027106936376949746
ck_11c7667920541587,0.0021127314155765936
ck_23a016cf6b98d89c,0.037870404321724074
ck_7137eeb394d200f1,0.07836309666775851
ck_9c4886c5c90ddbdc,0.0027657382075280414
ck_1422a7bf7756294d,0.9556855176550961
ck_7ebc5fa7f0d3b8f2,0.005260138165541535
ck_fcc2059a8d5c41fa,0.07460230556533273
ck_00ff7389d6a83e29,0.18534267114603334
ck_03129b41457795d2,0.005370026586789703
ck_38ba64efa7c38250,0.013816003847723479
ck_57a6b56b09bff24e,0.004246068436603961
ck_e3b3c5a80a567418,0.004537829394723849
ck_fc40a16adfced018,0.003727176792928823
ck_9d4b5e6b43bad4d8,0.00882847511735639
ck_61129937ee466b49,0.02718338263267967
ck_74112e47b8629c2a,0.04172788191524719
ck_b4703ee97f94d7fb,0.0013417311815407602
ck_e560f720a988d8a2,0.6250943144951469
ck_708fea345f68037e,0.003110409619164923
ck_25394c1b83e0b803,0.014914004420466817
ck_17ab24fe914ae44b,0.0029554654317358164
ck_16c501470d9bb006,0.002049844496398259
ck_628f449e248c19b7,0.021429008706798383
ck_6d64190623dea714,0.0010982740224620255
ck_504a45ee08db72b6,0.0031663711674246144
ck_6cbb011e0c70bc7c,0.0027747775110356764
ck_b3225a98acd04f83,0.0021437498415235487
ck_aa37993f1c17cd1e,0.06990888946391402
ck_558cfe5f77a55a9d,0.003163648429017145
ck_0d0a1a021efea5b6,0.012143596160731136
ck_daf7aea023b7a8f6,0.02884874489333373
ck_d75f25184ece2b51,0.004119638423367131
ck_466d4b5366c50b98,0.008309845728551035
ck_88f27ab479063852,0.02969553670521538
ck_66779098e78c1760,0.002129745144015463
ck_b150fe4efb449b05,0.004059051766725429
ck_9c3aa9f23d01fa1c,0.003738269851741987
ck_6a01c375fc26705a,0.00201138293492109
ck_002eb6552b504ea1,0.004871859009083796
ck_affa5aa0bff9bb0c,0.026412905964404054
ck_027614eeba8b1a4b,0.006115392014703787
ck_67e075c982add719,0.01255081013960968
ck_399b0d510be98bd2,0.0042556583442773365
ck_e9b0bca7368555ef,0.0020412569421842915
ck_59c29d9c57b4f994,0.0024966311316753182
ck_37176850ed68831e,0.005182932208093132
ck_a0db4ccca08030c3,0.6098991711846037
ck_aa188e5c25f7f42a,0.011718681489668713
ck_7de6997178207800,0.0013581786222740277
ck_c729d19053387be9,0.0449735131391102
ck_f2d3e3d90608596d,0.22773372220646335
ck_2db3fb565e0211ee,0.0018569902653790236
ck_bed8a480e27e911e,0.023770862037524976
ck_d7ad9921a4d25926,0.010032162948026174
ck_2a59f23fc5194699,0.04248627072919576
ck_63601a58a6120d8a,0.028263932125921137
ck_efd7b9e22c6317d6,0.0024251337236737697
ck_9ab42875a0f95b43,0.016815472491325777
ck_85cb5033fca7c846,0.1722683579956735
ck_5249b223000915ec,0.041066128207095765
ck_3efb0e9bf25612c7,0.0032668693035100642
ck_678e74532ac19700,0.004393528328222071
ck_a980b296c95153f9,0.0067989601168188295
ck_01ac687ce0d696a7,0.006148745125835483
ck_52e1418cf1aa9871,0.00975620731163823
ck_7d28da4f1dab09ee,0.025665008893038122
ck_010d0c2e6c1657fd,0.05757019429700962
ck_b524f7a2e752b9d0,0.005211764927252983
ck_cc447fcc24a0772b,0.41769527299171916
ck_2cb3c99845e572da,0.0009184584420009178
ck_604c710141327a81,0.0018398348158253496
ck_8d5fa65717d2e0c6,0.010654673153240679
ck_31199510b40602a1,0.004089926985132911
ck_49e253ea12f4e922,0.02643452687109381
ck_780738e0d71e7e43,0.001062766111975415
ck_2cd21137a07fdd7d,0.0018520930310596587
ck_5e021f2a3b66e256,0.02646888489720416
ck_efbc79246e32c66a,0.05243571480359051
ck_9951bd806c13c7fd,0.04245960409757712
ck_7a52674e2806d8f5,0.01224123228709775
ck_1a319e509f1efa1a,0.0005639420553233559
ck_c920901b9a4ba993,0.8903170669981405
ck_b71279e807d0b3a7,0.009807486367188084
ck_47e1032f490bb018,0.006596965825806383
ck_192579ecdca7ff83,0.007001602927625127
ck_b1496c474c4a3239,0.0011712088694966702
ck_5e68ea2c5e893cf0,0.0703406684201259
ck_f2ecab85d4693b4e,0.0011518429725912364
ck_89d7bfc81c3df597,0.010635868063864276
ck_7929284327667791,0.1524394169044815
ck_494ec63c5ce8e150,0.008123730525968119
ck_319b059bb2145586,0.02468836096960302
ck_ccb3767c239018c1,0.003243853217528574
ck_a1c7adfe26e09a8c,0.0210221889185647
ck_0e13c4f73818149b,0.008193281134613066
ck_c285a51ed6214f52,0.0407745675033932
ck_916784595f028226,0.13608594448249037
ck_6cd8e0196365c474,0.008974107696514173
ck_57b657aba4daffde,0.026150955412892984
ck_562c76a3753fc7da,0.7576194194117555
ck_66cfc1ebc9a513c8,0.0023426733052553084
ck_0f38d4aed68d7d24,0.008294782184880159
ck_d8ddf5e99f7859e4,0.010643372673557378
ck_41bc3efa0fca700e,0.020209020347100946
ck_40799e129fcf42c5,0.2515678429094014
ck_786f079389126e44,0.026616822599122215
ck_bb4c6b713eb0b978,0.029723370786996495
ck_4f01f7eac0efaba5,0.026627008896577063
ck_47d29c01b20cf69f,0.011389152530196813
ck_bf15a1f8d67a30d3,0.01978819114237355
ck_bfecad7586f65e4d,0.008024607795997589
ck_fc9f16df35190eb4,0.30510271867725314
ck_c09c914e416edd08,0.017011123512329775
ck_c54c5d8e4433b0f2,0.0032823337575311356
ck_1694c28f44480e98,0.004921449275483741
ck_1dcaa3078dbb7571,0.0011421753263381935
ck_af559f990c640e41,0.005958862265341037
ck_9b436162039a77d0,0.0193151148567449
ck_79d62ef181bd0cd8,0.014402481253754118
ck_23caafc2cd34242c,0.015239457653352498
ck_ffe2aa26f597e552,0.003608408322559704
ck_e6ffd0754ac08661,0.004320701725832173
ck_beaacb4a783db21f,0.002401201195372559
ck_9863bff41d24ce9b,0.0048423365420020865
ck_323b9cc5c49f8ea0,0.12067281004658134
ck_ab3de3d3e41c2082,0.0077112359736626526
ck_35c93b2924900376,0.0065699152415505365
ck_5a9d5f9901e37e31,0.010370602769493694
ck_782b0be796164335,0.014184356791687844
ck_11960b5f1c7a5e2c,0.00147247207845212
ck_9a66cb13a9884cc2,0.011153662105398145
ck_ba666a425930615a,0.0018127419660182325
ck_40140bef4db73741,0.004199440931495217
ck_e05e91cc180063d4,0.045610334137538275
ck_c7f6f45710bc050f,0.0026937451284840598
ck_055fb9f2e1c8c934,0.0561400763031451
ck_58bb02d98e2b9cd5,0.027062618197207428
ck_d9f8efa6a7800f76,0.008088234058923793
ck_69691226c68fd50b,0.36530849205280064
ck_6f2f0396e5b1c538,0.9801820388071916
ck_78bc3f1d0f35ea6c,0.0051245898887566504
ck_2d5a6b6636a2596b,0.006286038860894937
ck_7878545739af0a73,0.0024412147162830747
ck_03c4fa4f3ed3512e,0.001715932612894943
ck_1a9e51d092d62c84,0.42411883602115336
ck_9f3861940d8d873c,0.12442462900511098
ck_4684fdd61c6a0fac,0.014754955997422053
ck_715966f86d5c913d,0.001529977287949674
ck_77f293d44b4a3d2e,0.01250812833653095
ck_24dae044dc05f849,0.01737945977083891
ck_00b9818e2064405e,0.6117285283587182
ck_c1c2cb49c3c1b0f5,0.16445572012760362
ck_bed50fc64fbbf8ec,0.005578441052963979
ck_4f6ed5ea5ab7c429,0.002995457129213636
ck_458531c22ec2f9b3,0.008177236949022663
ck_51c50c4c443df31a,0.5224957232541017
ck_732d45bd578dc39d,0.008374274128804485
ck_783fe5bc20cd02db,0.06593254403581893
ck_7f188aaa63d1d442,0.010487373562407485
ck_ef307a6aee38d1fe,0.8167611570748171
ck_e37196b20968b73c,0.02643032049538029
ck_4ef9de711c3d93b1,0.015185209371664166
ck_17946516d5df71d7,0.008151868697505515
ck_3534be0f4efd313c,0.07541218817914655
ck_29fbabf855cabdff,0.008557302201850364
ck_191673540d8486af,0.044875826272366845
ck_5f52728d777ff2c5,0.012046658991209975
ck_a045a19369016818,0.9928579253024383
ck_4eadbe7298b15e96,0.014294795921787229
ck_a3a0bd59729fe619,0.014218727522587163
ck_a1e77090b1c6ccf4,0.006234300357445025
ck_69ab9d4784eb77bd,0.014588526281689182
ck_baa47383ffd50f04,0.005920485914834057
ck_e35b2ed08b9e55a7,0.011905396307631853
ck_b6e3af0a5119d9a0,0.027028728735568896
ck_a7c1dabf3869772f,0.09880708344597264
ck_80b8fca67a14e0be,0.7560163100388224
ck_dd9c5f0c42878e67,0.003518129137305347
ck_41ef7967faf5ce82,0.0015634859981928193
ck_a93560aa348d6225,0.008795536173580334
ck_ffe91d6f0bd93fc6,0.02349489982623252
ck_fbf630c960194033,0.012899033419563732
ck_497ed60723283c0b,0.013755638869088909
ck_2a46b7ca55239413,0.007349471593269466
ck_1a4e5ace078dd782,0.004792995078436554
ck_616cc31910f5de50,0.004954144718078055
ck_0d65bc749eb42710,0.01695565905131068
ck_2408db62e4395ccd,0.003990387330041814
ck_5d7721930106dce8,0.0037758848239618998
ck_e8a6acea22b20312,0.09495408188422202
ck_e2f792fae128b18e,0.0651210758468947
ck_e6d3ce445b86003f,0.0018603685560250366
ck_263334d722ecbc97,0.12504621464484583
ck_8c5b29f6666d4874,0.015060469476111138
ck_7ea0bf310fc20c7b,0.7804986197569423
ck_54d463f7fd89ec3d,0.04129015988117438
ck_79e45040dbdd6447,0.03251678583818847
ck_60b4d59953505682,0.8363273523763446
ck_fb00dd5021642507,0.006296734172974913
ck_f409ff994a210601,0.007688686905879896
ck_2ca0020038bfec58,0.2565131887269197
ck_adf84b9df54c3d80,0.026485966152840667
ck_942dbf632591b65d,0.01237380482325097
ck_454a7e4d859a3409,0.00148248301670874
ck_2139062d4569aa07,0.0057853469865976875
ck_e949a0f4df0b3902,0.0666223610294666
ck_bb113e3e6716ed65,0.02026456540612719
ck_6a28ea6ce69cb869,0.16058339093645554
ck_7df9910af2bba21b,0.005948090646526965
ck_78aa4b731cbfe251,0.002522089920488138
ck_5839f5cbd8165b1e,0.036032284724985604
ck_7158ad9e58769ffa,0.028629575101397874
ck_acee218cbe61df69,0.015579367507739597
ck_f8dc8473c2772729,0.06302973495793815
ck_f34c93a8173555b1,0.013965924573058789
ck_7cf301d075e4e709,0.0066531310965077485
ck_b87e88ee5512ea17,0.003286885370990888
ck_bed0c020b10afa3b,0.00893762645164815
ck_ca10102961f99eb4,0.0028804452907682876
ck_393287947b5c8d79,0.013158103497004428
ck_2fe6cac002142f67,0.022950509608371212
ck_79c7f0d29b1db1cd,0.013707941461382095
ck_c735b643d3cbf67b,0.0045720962930731355
ck_ea4332c8fe48e2a3,0.0035177122234854212
ck_d39864119cdd460f,0.003936344054376095
ck_3b963d6be2773861,0.012986281929825797
ck_df39e3b8a9fd0bfd,0.7191826191578615
ck_6236a461dc0d11a3,0.0035171322169629073
ck_475ebccca25e30d1,0.007905082883873898
ck_c10c8bcf5bcd516e,0.042519655983721524
ck_49ccc3716a564256,0.009277860886539159
ck_4e4f99102f6938cf,0.009825389896757648
ck_a97b481ade6f7972,0.029888067059079093
ck_3fa559c679751b3a,0.005902271301813309
ck_3eba1fd2c7acc4c0,0.48969427645228497
ck_18c179b4afc4fccc,0.016211805508312783
ck_cc1c0b93d05b7d20,0.05843300359785425
ck_742f7c28ddd019e8,0.06172561152119951
ck_04470bc93b8a0d71,0.0050475488906359025
ck_6e8f8ef7a03cc6bf,0.024087095673955988
ck_eb1ddfc353b4da83,0.0014598529954898398
ck_98831b57c7ca2e4f,0.0019803723508559647
ck_a6c7b8d6e8596d4f,0.08764919088879128
ck_cd7d24e3b095e96e,0.029306990267002835
ck_3f5ae4673a9f858e,0.008954358209253166
ck_05f375fc8ae0afb0,0.003055621258319592
ck_1fc98436281ee39e,0.003132827499514969
ck_6c48c58678f64bae,0.0018012798121769765
ck_8c95aeec6a4c75b0,0.0022996570111857573
ck_364cde38958b7af3,0.27626161694619583
ck_85bf21aa1a00452f,0.006137794409581752
ck_796d3eaabc667c23,0.994912575969207
ck_ac449ee0c315edde,0.002303100024827639
ck_6f9fd15ac6b163de,0.0031421541728289606
ck_4087065be2a45ad7,0.12904054742734344
ck_ecf006bbc78ee3eb,0.3407627126495313
ck_8ca808cc5a49cb5c,0.006436171160355418
ck_94b90ab8b2dfb50f,0.025963960435514355
ck_59fd11b3232de9dc,0.7029276825365558
ck_67f3794d93e2dd67,0.09152341145190837
ck_b7f5acf5df1bb13e,0.006479649216988804
ck_fb04ecbaebb774bd,0.003882961178655081
ck_68ef3e7301c621b7,0.009315466132498954
ck_41406cfa209b6bda,0.004738368937342541
ck_b0f8f5408662337b,0.005311428110168713
ck_0d2901bfe585c391,0.08095817462657015
ck_3398551e81dbf3db,0.016857473105051885
ck_61c3e3e277629646,0.013431501416277868
ck_2825e34dd3e7ea2a,0.00584890545442428
ck_20d7571ba830009d,0.0018425564666865106
ck_c98b16f9a72a6568,0.0009739536717312466
ck_e7c8a9e4641eb9ed,0.0021856330699007403
ck_254a7c97c36dab8d,0.0087068449792348
ck_e98429675b46272b,0.0023968932445213574
ck_c2fc0ac460786d02,0.07784551506318241
ck_fba15647b3a140d9,0.005052465424263843
ck_15ce50f2704227be,0.018203942722992677
ck_8c748aaa4a4554f9,0.00787084404336228
ck_e00e82a9419ff086,0.01647640875597097
ck_832341c98254bd84,0.009674784216290101
ck_27466468d06db4eb,0.020467692165774314
ck_9d7b9e3ff1f3e71e,0.006505073206856743
ck_42c6973d3a6fe983,0.003479335899042719
ck_877c85bad118bc62,0.08457976669126974
ck_75d2a2715259c4d7,0.0312295395668508
ck_37d3e5c681a2214d,0.40597086890163075
ck_bf285dd49f372de4,0.006732183677629298
ck_a5bdd026fa9c50fd,0.009434881535190603
ck_88d9244a9cf7a77e,0.55435280295261
ck_5881b174e49b04ee,0.002301778480505871
ck_5b16d67c5ea89930,0.004955084300975514
ck_b75b936aafac56b9,0.004116460258547281
ck_aed2681e1646a0df,0.0270930949423129
ck_f63cb5e8cc702bad,0.007738979931892737
ck_1805fcfc4a9e4ffa,0.9088381222231174
ck_25c355da356c730d,0.020681411633816423
ck_70396398e4a96449,0.002091910456909451
ck_0f743bd13373748e,0.028626418818075806
ck_4b387765f0e916cd,0.0006760288557741737
ck_e971faae8a10a260,0.001571490177600613
ck_9eb08369e983abfa,0.0009597030810384795
ck_c30c5844512e429f,0.02386941064255959
ck_59e77e3a81f1fa0d,0.006753968353125149
ck_ca4465f2b5c1a52e,0.9602767287259152
ck_c89b9ca398402f1e,0.007130793055557383
ck_36e72ef9273e7a95,0.0024256990628347104
ck_2bdd8616870e5e1c,0.0011936424180462664
ck_216e87a41de22b5d,0.11787333861913948
ck_60f4fb44f5efe3a0,0.003437855790263651
ck_05652e8ace6ce6cb,0.0012812972827158907
ck_8c136dc691e65695,0.0011959391517840424
ck_a08f8dfadbdca112,0.002244553739265094
ck_bda4041a3e90d860,0.0053841477720134884
ck_15dd3ecaa8ce0245,0.6466878410725907
ck_3e3c64b3b7876ce6,0.019885448777271535
ck_46225858a38b2e57,0.011971812080724998
ck_0cb9f54928f4feee,0.005865662653913621
ck_152671fbf8a9a78e,0.05242837110863555
ck_ee7a515e87d17d4e,0.011376184380127632
ck_f7276091bf513d22,0.0017852455926693673
ck_4f05daf1cf0d5755,0.0024927984273721933
ck_83a69c4a5d55ef19,0.022470041500884906
ck_c50fed2a7c9198c0,0.0038805733077038962
ck_70d19d5650ddc8f5,0.014648211838211805
ck_4b4d99e443618904,0.019760377518231176
ck_dca0b6ca93311ca2,0.05398191807293255
ck_b7431d4706461ec6,0.00612103499798747
ck_7b59d22cadef3b05,0.10302679479624537
ck_53428573abcd606f,0.02450135122944578
ck_f538ab6aecf2adfd,0.0007570910516061368
ck_d321249fb065d2fa,0.021263361366155597
ck_72fdfc7e6d8e1436,0.0020626953242553646
ck_b52b99dad89ecdfb,0.01627938231125329
ck_d2d4282f9d256b3e,0.004646076749585903
ck_c8f2a1dd8a6141a4,0.0024134996744582973
ck_8d38747058d0aeea,0.24331554491763124
ck_3ac528caac74f563,0.008537477780144312
ck_8dbaaa00ad829ca9,0.005533807267554266
ck_7c38ec898f0fc21d,0.009501074869127052
ck_8171ef803f5ff604,0.012413150423266017
ck_01a750db6fc1168a,0.06748171772977858
ck_ceb017baa26e98c8,0.022144162504216018
ck_e2c66c72cc0b0f78,0.10815280466344694
ck_8d9518f64b222416,0.004018539176206983
ck_804c5a1fa5753617,0.007376465721400863
ck_fca7cc9c42695453,0.0074118655087718425
ck_3a632cdf2c19051b,0.019183525462638896
ck_b2b63ea65edf1dde,0.15017378267542922
ck_27b07021500ee841,0.006735647183366511
ck_9724718fe64c6557,0.9602670013356545
ck_2786cbc3e75ec034,0.6430990957011772
ck_d9c2622cb6df380b,0.014392213196696554
ck_ae1da8ee98e402a4,0.0021675153703548085
ck_62967b91504149f9,0.0057399980015201595
ck_6b255bf68709109a,0.009860857723898374
ck_c55afc68421d85e2,0.019969721571454935
ck_7c7266f6ef2a8466,0.0466663318192666
ck_885cf685a9541190,0.6307776312797536
ck_1a4bb7d3d2ee3227,0.015669040452334162
ck_b4911c42f3bff740,0.0015329957689909995
ck_66f9f78d4c6a3edb,0.01811085565943501
ck_49bdba9ee1899dfe,0.02852300557386634
ck_79b235d51718435d,0.0069612238806627995
ck_d840db8cfe2ef6f1,0.0007964138925956106
ck_610c7bcc1cd7ecb0,0.00786396676066091
ck_cf49b6544aff6c50,0.1662762033805278
ck_de05f97c3d40dd1b,0.016841511082860035
ck_0302f67d75973dce,0.003786294603745484
ck_54c2604c9ca6256b,0.014050680094597498
ck_a1c88c0568f142d0,0.09857970801923446
ck_5d72ff6cc2963d1a,0.002761851170347252
ck_0446920a1004c596,0.0006998364017835316
ck_71044c29ef071570,0.003603638930974673
ck_2122e9bb1afffef7,0.003601820249643805
ck_d1e3de178601d3c2,0.018395741714154184
ck_bec8324a3587ef04,0.001312265845539185
ck_b616b6f45225f319,0.04235086589327505
ck_ce1e695884511479,0.05350946278204256
ck_a662b4bf900781e4,0.0011194101136469097
ck_b5a84c5547378c10,0.0015338172144658102
ck_f80af368cfc6cb7e,0.0035217441410731673
ck_da3526ab6c5c884a,0.004810540902842887
ck_bd20be9a3392d79b,0.0034123732445622687
ck_b8266dcd90cbfa62,0.0030952357561979463
ck_ac84b33304362c06,0.008390134760291221
ck_794d8935a895e33f,0.024501471060449254
ck_8fea7d915259f1be,0.006964833605087603
ck_7a1519ad5ff45312,0.0008448458508164565
ck_9bf3ce30b65f75c7,0.07104490690571232
ck_5f864d72d1eead99,0.03474785383734684
ck_3c48e0cfc2a58041,0.37582429860155786
ck_d902183f80cc81fa,0.035624417748649856
ck_539cb0d117db8cd3,0.1941617616228744
ck_28f530aec8e77130,0.05515530390881346
ck_e7d903c50d353361,0.011028547510859837
ck_d288b77d1e227970,0.01382341430467813
ck_017208fcc01b5d40,0.0027468121985085073
ck_7e3923d278a5106e,0.008398618590733108
ck_9700a00ff9e66216,0.04165669632811779
ck_5c36c78b7a4d138c,0.041754294785342996
ck_c457e9c9224b773d,0.008674981318248785
ck_1dfa91405d7e66bc,0.003661868070775332
ck_f1d8a2695a575e56,0.001963296725850928
ck_3b92a46daf8d00d2,0.010153614698651326
ck_aab23b5470469649,0.0034400836820031784
ck_ecdd01a391610d99,0.002459699755900292
ck_abd3aa292f8edb4d,0.1114077329193667
ck_7fc9a0776e1339e3,0.0013316646763270946
ck_c0389ebeb0e65cb8,0.0030801729535579764
ck_48d0fc4f6a2109fa,0.9957452257446336
ck_571dee4f3336c7ce,0.00754430339002652
ck_4cedf26628c84f26,0.023122317235368554
ck_63356762d24aab81,0.01554553482534729
ck_2c5bc11bb7ae5d2c,0.8704021665789762
ck_6d26a152f900fee8,0.005000683829806358
ck_c972b0e781efed3b,0.004264247942246039
ck_fa0ecbcf9a33d6ce,0.0032914286828590357
ck_fa3a766e49dc77ae,0.007485525964966525
ck_7baf1e55db0dc558,0.01783085218084119
ck_e8bc49e6494c1f37,0.0023946662850551875
ck_8ef1d05cc1e53e7e,0.016003146650906457
ck_cef2a485a77e0723,0.0028790680413548772
ck_228a583f23abff48,0.010499574418894039
ck_ac32c6e374782b27,0.02305407163310513
ck_b9485218cef413f0,0.002947409280437398
ck_7f15503048915d6f,0.002012505176049965
ck_b62f5144db15ad34,0.12570520452300105
ck_917d82c552f95a23,0.00794248280799131
ck_fb4797045077bc6d,0.002272523456766802
ck_2cf8a44e041217de,0.021776639264199586
ck_b7dd681eb3d2ee38,0.004355975502282537
ck_e9e8cacd2fa35e79,0.026566691556196415
ck_342a79f91de5d1fa,0.02955827674673823
ck_2c91f62c05685ed7,0.0036624538692547537
ck_e30cb64302939f38,0.046357680446929374
ck_d0e95b90ba86da10,0.0016481581414229598
ck_1774faf414a5d49d,0.7919675627319076
ck_2401e8ff89e574fd,0.6568091591376926
ck_0cd8802264e0a1ef,0.006358951974607093
ck_da84a0dfe947fd3c,0.0039743951186434895
ck_c8affb27ba7fb5db,0.10715427034968801
ck_bc7ece8787ca7200,0.002007632304358675
ck_469a0578d05990c2,0.0039969668860920515
ck_eef67f8dea702338,0.04475318832499239
ck_4f490e379e9ded9a,0.001756949973646897
ck_354379de065a8ff8,0.002182594308457034
ck_5db1cb368bc41ac3,0.029607708721630717
ck_9b1c3742dd6fcb8b,0.022801035599487252
ck_63ce4f44c92d7143,0.038150875565151156
ck_e15e3390f5ed45f3,0.003827900105364682
ck_da645ea91d66aa6f,0.3259244275969473
ck_834ca727df855f07,0.0473005787384934
ck_e1d5ad20c737c745,0.2013793012907421
ck_ff8059ae5fa5f1ee,0.0012092166600459818
ck_8bb9e75393954a1f,0.0013410135849397022
ck_4e1757d1347ab387,0.9911571715151481
ck_af3f74b1d75a5d95,0.003750216092936587
ck_6b1ab0742ff04c3e,0.013656892438635548
ck_f56073911c9f1ab7,0.0013255386042108942
ck_51bd5f69b4fe0b92,0.2520586843247637
ck_fc3d95030b81f416,0.0011670547585345492
ck_cf78169633a1600f,0.0013346532892016872
ck_ad7269eaa65c67f9,0.003389730772295316
ck_cc6d33890d47a6cf,0.00830555125534342
ck_bc8f31f4a2ffa1ae,0.002105541218665963
ck_720776a46e56dfa8,0.003630251179780084
ck_e2d1f212f259539b,0.01447883465029319
ck_eaf6f7082c3db2bf,0.015197185875076385
ck_773efe58c6278c3c,0.018720688438509245
ck_c4a72c09f2fdacc4,0.00915161534224045
ck_8982888dd6611143,0.002041931137051436
ck_9d5049e195eda029,0.011701467303004628
ck_de58ef6f9fe2b546,0.007846829922050469
ck_c0b50c11e4f5adf7,0.017515908560018074
ck_ddaf228487858bb8,0.037384588015435996
ck_eb2323215ff70362,0.014341905075255021
ck_168c96a1a636ea15,0.018398011365336316
ck_9c46711b14d9eebc,0.003588193786716789
ck_de8af660806b97b5,0.001268290173830193
ck_6ab83f45bf16eaa6,0.005935828461511919
ck_bf2228a052815840,0.0032146325748792113
ck_3f943f20a9da9bff,0.01339891393651552
ck_3baae40454c00938,0.006426750112446969
ck_bc2e771a1d8d2dee,0.029891571382070027
ck_e55f5ca37f30ce8c,0.010934766667137077
ck_4ad5937bef176d89,0.002175083589503739
ck_126531a9126c17c4,0.001874575329538614
ck_7ec423cb56257516,0.007045771356122124
ck_54748ae0f2daaf10,0.011003149048919563
ck_ff24776280ceeeed,0.013204260853288075
ck_3c3a1a1365741bba,0.003050114598355058
ck_615277c8a4e2b18b,0.008219811275874098
ck_a96aaef34173aee6,0.2427360912932312
ck_bea56db7f3e930e8,0.002149613061162684
ck_ca491debd3b32a59,0.0355631622502267
ck_d9ea77f4114a389c,0.002747049350102465
ck_322ffda3332d08a2,0.01233702796769077
ck_c40ffefe4e30b001,0.050354819580608355
ck_3b1d7648d4580bef,0.005955763646610919
ck_23981a3261674131,0.007535983316912085
ck_11667f5b9fac7bc7,0.0007714832840841704
ck_646bb3c7be5f0817,0.013900100942158189
ck_ebd0a45712dcf07a,0.005201472495816461
ck_baf43bf1bd963f9f,0.2208323352855765
ck_e0ca2c819658f6b6,0.9830063618398913
ck_f0d6633d0834fff5,0.006516654475595374
ck_91081be0254878a5,0.00388034223749622
ck_1325000bc7f35b5e,0.0010056861550702466
ck_c624b9063400fa3a,0.10238855953845497
ck_0ad6fa0e23c3bd0a,0.10847654607050197
ck_6ddb55b1f23c6cb1,0.00982828538278274
ck_dce1fb3acd65562f,0.005335204467185898
ck_a9aa389688ee5aea,0.0017622170802737529
ck_5c5284c45d9ad8bf,0.042296964627282496
ck_9ce743dd3e92549c,0.01462610319080222
ck_8342e08cc2f9bcb7,0.0016707758209121876
ck_25e551a0a8d2fcc2,0.0498314134310809
ck_d4fd0e438c97e0c7,0.028914982373491417
ck_ac7fe1c344190c50,0.004810675010801557
ck_ddd65711b5651f89,0.0011325160147563312
ck_ec7406cb5cbc8f10,0.0015325688095407955
ck_1c65e8d5be3b9c60,0.2705073995229541
ck_38ee42f15a573e81,0.03734400590814602
ck_0e5385c70c6de025,0.0043031593991307415
ck_d3137f0f7629040b,0.0031601693441658417
ck_9129c92c12e0c8b4,0.003288374408600505
ck_c86520a00e50a926,0.027973220451081793
ck_87f82b2b5fee757a,0.004192984876321465
ck_643abfbd7548d0c9,0.08852850284202249
ck_be51f4e5e6b85768,0.04630059811946176
ck_132c16312f37810f,0.002689317032573556
ck_c78c096ca8cb33ac,0.0020065005010255176
ck_2ce5afbc014763b8,0.023284034351644656
ck_50ed8f4e7ae6710f,0.010062643466914614
ck_5a4eb535c9a11993,0.0042642309817695805
ck_9b665ef46d785324,0.005105092900659621
ck_e066f71f8b296b7a,0.0025645323161470356
ck_560bc6017870ab06,0.005049652011627422
ck_fd78f8a8663646d7,0.005237299035979718
ck_4af5ec61ddbde1a4,0.04319187430530312
ck_c2ed04a9d218410b,0.0023040066943271877
ck_2455d43bbdd2bb69,0.010607402211717637
ck_56eed7041add49a1,0.34790373874059033
ck_5f0be7b468a72333,0.010689519179995433
ck_19660cec756632ca,0.0050036367005671266
ck_fb90408f4892a21f,0.016756551693372805
ck_833a65b86a5d9bda,0.0008129528531350391
ck_2ac36e1dff211d38,0.01861763254257437
ck_c00e70606904539a,0.00246380934679861
ck_ba8affe4b9505a95,0.49057798240476097
ck_0c3dd22587b08018,0.011132675920283958
ck_618c4e5cfae99dcd,0.023409841919334512
ck_c9690baddfc4177e,0.001070756492621836
ck_59fae092fb0c4aa3,0.020723595611448712
ck_e03b7d0fa0b28f4b,0.004622174316605829
ck_d451d24c780b5884,0.0052449132902200974
ck_e980d325b8dbb8dd,0.0011340802874014412
ck_cff18e2d8c520272,0.0041014554511719595
ck_a0e46b67e986ab56,0.03621611689334732
ck_3a469039a5b9d963,0.018729985263265282
ck_12cbb211ebd2b437,0.028514986881872217
ck_b8cdd6d6dccc4554,0.0018333369609450268
ck_794ba5921cef50c9,0.025854004179896008
ck_2c7667f64edec2b5,0.00877153660687308
ck_7262b4e0c29c942d,0.006439040346612676
ck_5d818522cbfe2a54,0.026792457660119368
ck_de39c1947fb675ee,0.10673109930291869
ck_c021495606b4735e,0.007700910293923271
ck_1fc03ba33edd9e67,0.02557140605771265
ck_a6fe344bbf67f14b,0.010853756059776577
ck_963762210edc5694,0.03724539181348234
ck_d064428b7e7dc409,0.009244304698217996
ck_59be61b53d971611,0.014395782204102795
ck_ec8738ec663cd2eb,0.005241423063063463
ck_59d086fab5998646,0.0031648972300153005
ck_bd32dd3b2cbb7888,0.9936301801946765
ck_ce0166addb93bbad,0.0019829975221602597
ck_7c0fdfbb447cdc04,0.014589447179962012
ck_cb1bd7635968ed8c,0.07039605584553701
ck_66f94903177f20eb,0.0029550214273231816
ck_1d7cd5dcbcdafd7b,0.4941884516953632
ck_5e418a7c04437b4a,0.01955497237719665
ck_631ea1ae91ab333e,0.01769825421123122
ck_0a8029e79a5ae7ce,0.03490371226683618
ck_c4cca8278bdad9b9,0.0011585426311843108
ck_4dec3df58077a257,0.25517061843954403
ck_609c249edd88c565,0.006073291211363684
ck_02e5f9cbbbf2f078,0.04367219009905009
ck_32e486859130458f,0.5016571731170965
ck_21ed2ea6386c5a07,0.0010151186767433829
ck_1242aa4496576a99,0.004338784529732072
ck_475ea9aa6d3898b7,0.10885049993457818
ck_fe1b1adae3be70a6,0.6097112544692488
ck_c5414d7a8031d4f5,0.007079932203179111
ck_ca1f6f01868e978f,0.06646957537382725
ck_5eff0208c74ec714,0.009420303691795934
ck_a315c9619a317609,0.02154566329728055
ck_2b87683c90acb852,0.015006683511896943
ck_7cd9f39c50748ed0,0.007940351756702792
ck_16a06d58d71935bc,0.18836744757850946
ck_d116e0e7c19b878e,0.8025991470362059
ck_931510e384b1d0cb,0.004993553206828517
ck_e7651fb87bb24132,0.0017510682664171827
ck_88ef9f85948e1a01,0.004653698031716208
ck_17bf38d51115a8f3,0.0016175654627593474
ck_2659d1d3762a2825,0.0059030824562681895
ck_a7285955e2852686,0.003198821932556952
ck_f2c33d5b65b321db,0.015915377256174867
ck_83e5979334345622,0.010986044305637986
ck_629537d8b4d0f395,0.021318332968189788
ck_72022008a92c9386,0.012365930436629645
ck_2973b8274f0bf69b,0.06109818248396111
ck_565e3418d2f4061c,0.0023804054023879254
ck_54bb53b8f8ea32ae,0.9691953699925568
ck_af0a6540ea7a36b2,0.0016746979246550365
ck_888651bfc2c8cf70,0.021522014413984374
ck_1dedcb48ac381a1c,0.16889215059326293
ck_f73273e220296be8,0.03618443590598075
ck_8424bf65223a5a9e,0.00849404758506908
ck_337b930fd149a696,0.005441141049911799
ck_8a4952de8a123ef8,0.008552782823650948
ck_884168153c9c0c81,0.0035606003343743066
ck_fdda581aec411010,0.0030061770789951685
ck_2b7cadbc8b180d32,0.9332268290157562
ck_8aa8b9968233a1ab,0.005641898898593599
ck_0af18b3ce015d294,0.0020658644504338974
ck_8dde670a735d1e90,0.10818356654937566
ck_62f46226f244139f,0.017838237288837242
ck_f948e8a8fdd79b4e,0.009433913694305957
ck_fa00aa0f3e859904,0.02591311435784662
ck_fc7935f784a4f249,0.007588489260221834
ck_e7501307c0698e5b,0.008909498414476755
ck_549ed417f2834cee,0.02442550945916618
ck_fb2a35571ec719d4,0.19009561520350027
ck_25822068c86c856f,0.0009283944559392275
ck_8f35d229b62c8f23,0.00836960598985835
ck_bdcf049c1e7d0c95,0.0030496172509222245
ck_0aa9db36eb16422a,0.001728853900955219
ck_42dcf92e9e016922,0.012391357687207838
ck_42341cf31c08c981,0.009377317406216255
ck_0b20bfc515ba42a2,0.008727424250297535
ck_0ec820b670d48098,0.002628835212555933
ck_1f0bafec397da8e4,0.013735710519102912
ck_82f07504ab59ed33,0.22831213444594728
ck_337b24a474010abb,0.9905285226744172
ck_703703bda38fdcf8,0.00290970515765542
ck_01e7960c63dca3a4,0.8883899743574613
ck_be5bd81e3715cb8f,0.8303958044575867
ck_197f8058cea1fbea,0.0023074306630797028
ck_eb3fb1106f2f1b21,0.046723544290216946
ck_658b4b54be09a4bc,0.9916110855851711
ck_266ce7ccf41ccc50,0.004605581050902802
ck_110608c3b03d4038,0.6132595003903876
ck_1be8cb95d6d9bbf8,0.003270295232503407
ck_8e16a64a776afa82,0.17838636909137134
ck_34bd190d37eda534,0.00580843511774703
ck_4f521611ae14ae66,0.0010735150525087917
ck_d839798f9520363e,0.05256561280371863
ck_d1bbfd246c0ac9d5,0.005291378465537493
ck_f19030e6e85a6776,0.2098520155885221
ck_cdabe60ab59f9d5a,0.024230031472857464
ck_bb84b2b30293f566,0.4093683989135708
ck_427b91925952cb40,0.0059113954099620685
ck_1078b1e155b5b640,0.007489989860425228
ck_95fdc264eac72fa0,0.0016926290075234384
ck_e35eb857c61548b2,0.8522531691234521
ck_69bd0b1abea7e1f0,0.16996812381932286
ck_59de511b20c842ba,0.058916266781393375
ck_168e7ea341a36b80,0.005999273230993374
ck_4937cfa6526ea138,0.02363100355301254
ck_bb1a981306b750ac,0.10933306078155876
ck_f42a43e4c3f34ccd,0.0022765336310032786
ck_c7ae1d4b3ab38185,0.006060777630021075
ck_bd23cf9bba1dd33f,0.017655203851301045
ck_0fd826fad7ec7cd6,0.10368065178222885
ck_f143641bf3dd0414,0.14087562572435142
ck_ad6d48c20a3688a7,0.0043818962638330575
ck_7bda5b5b927b2905,0.01947052512420855
ck_a337eb38eefdcc88,0.009434585154864821
ck_403da2a2d800df9f,0.2760860931349826
ck_aa01d5aafde73d0a,0.0009317332313611166
ck_494954023f0eb309,0.04123241339614973
ck_1c6820fc38135ad9,0.020636125934847222
ck_0e0bab173622db9b,0.11052638462695544
ck_547090bf35a3b243,0.013399018852481504
ck_d69455220b21dc9b,0.0064787243469331636
ck_90b4ac695b9c6bf7,0.004817110599401833
ck_8d2afe17c0082e6a,0.05366289337371366
ck_926b81c0ba528eee,0.024798845125767823
ck_ce36b0c287bd198e,0.04988816935146122
ck_8026e017909aaa6c,0.0047683647451171925
ck_dfba788f35d4c372,0.01297579205571798
ck_f09f9d0e0886e0c6,0.005782991751977586
ck_4ffe0366df388604,0.0035332915446214435
ck_75bb521de55644c7,0.040817718331485085
ck_81a960fddf79ecf1,0.9276409936298634
ck_8f43459991ea511f,0.0023616972659973043
ck_f878b68d66fbfd4b,0.0008906176280210852
ck_e84abfc0c747c9dd,0.8999076696236656
ck_3ad3fd3cceb56b66,0.893097963458912
ck_7cf562578c7f158a,0.0028025219626491077
ck_f81a97d350397306,0.02503103355306825
ck_255d87b7fb40caa5,0.005808010709631337
ck_b3905153b9eee924,0.007844043758100884
ck_2c80a592fb4cd6a3,0.0011018671586121966
ck_57deb202d4188a29,0.011239716198792894
ck_e3cb5f31d8e94448,0.9050818526212512
ck_0db62d5f7f75f80f,0.012147458052578206
ck_ced9163ea85589ea,0.03848839222497952
ck_e16528edc694fb33,0.9297851166319937
ck_78cc5ec4940fec3b,0.006646797386678498
ck_31742076e9a998f8,0.01554571236317035
ck_5ac335f02280271e,0.02283539960239462
ck_7cc2e091806cfa5b,0.06903986645943513
ck_3152c7115257f084,0.0029933728283760676
ck_ab1b9d019921bca7,0.01157105560436809
ck_c33a762d98f9b290,0.00560240992918176
ck_b16a7c51b6f7a6b1,0.044147074984227326
ck_97402a153348e68f,0.0026192836753845855
ck_95391029a21caa24,0.02410286249334152
ck_c2015a1200971fe9,0.03192966310542264
ck_ed4427962c68918c,0.9923427697794429
ck_c5e4a17d3efb19a4,0.19974876887748577
ck_8aec3d3dd51517c2,0.001254432929457121
ck_f5178a658225d8e4,0.0017068616532522486
ck_8594f165e95316d2,0.0028437150808168447
ck_f0c4aac04076a6dc,0.01179668103015431
ck_ac2f7397801036ef,0.00871910053263571
ck_d1ea4bcc407c7d5e,0.005365553790410795
ck_cce8b6657a538fe0,0.0054162563677309546
ck_66d0c6d6b67a8d58,0.003329932492973452
ck_1a6b30320835e57e,0.014987065681569456
ck_8cd274cc85aa35d1,0.03847187067932392
ck_ada46085a78280e4,0.006441940383202319
ck_ce1b06623e4a815e,0.0033563714975363827
ck_45e70c8a9686580c,0.05659037279130745
ck_0084d8ab6b1044f3,0.0024686249717858497
ck_a5f7b6fed6df2aba,0.08163525099350648
ck_94940d783e7988e6,0.006495105889578569
ck_00f9ca84d1d8ae7a,0.004867017488736129
ck_0deb56f3f6452818,0.00641919020874108
ck_a58e900469dfc3f0,0.013951675118541066
ck_028c41b195280980,0.017818862557737528
ck_7661d7ceaeb19f97,0.014860127957062869
ck_6957905a65c47879,0.004198160045257906
ck_f7c6c26ef3c4ae06,0.01572406878195896
ck_8777beb11aabd66d,0.01181449607562122
ck_7db098a17374bbf8,0.9409316645901502
ck_66aeb00e44486cda,0.039031453743790905
ck_838c52cc1d315ec3,0.03671803035174709
ck_1745847cd4e5dc83,0.0181130151737618
ck_201687857ec8b3cc,0.007773658844792322
ck_81818169208a8cda,0.006760222593338467
ck_3303fd3f64632c7c,0.05444975327535584
ck_edf1096809e83ef8,0.001737933966409663
ck_235ce9603c7dccbf,0.051929137455439756
ck_9df7e153868bca13,0.008492576015355007
ck_3cfeade2cf270fee,0.009994197546420313
ck_982b0bf2e2b6c4f7,0.001402718640302974
ck_faeb0da678bb86c0,0.004049540111607456
ck_e86ad2fe815b6ed9,0.004597470049341161
ck_70d69e5d1bb99e85,0.024644547788076614
ck_7e9a8924eab779e6,0.9866865021005939
ck_019d5891103e7da3,0.004783023840860945
ck_14f0484b3817eda5,0.006772164378438928
ck_85de63d278f0fbae,0.0026034126938339706
ck_ae91b4cff57fb3bf,0.00903187977896323
ck_2a6d43b9f883b78e,0.3462113721478112
ck_7a4e3d553e8ab5b7,0.4428769423693886
ck_fdf89dc69f700f84,0.19639757081565015
ck_f92e04024bf13558,0.0015902393088391576
ck_4a522ca2dc4831a0,0.0007837284969094808
ck_68ba25dc3385fea1,0.02539994786552422
ck_22128a4f0d033422,0.014295463803486319
ck_5b52ee0a13c71590,0.0030252079342683582
ck_59472d17debedafc,0.00857361052612071
ck_9dde2c63acda3ba3,0.0036932895701009224
ck_7510b1023cd08531,0.006628171451968784
ck_071ddaaf2e4e3671,0.002477796226929766
ck_1355db6f4010232a,0.004358098828969167
ck_0a7adc2f27f98510,0.45935241529927745
ck_68250033717cd59e,0.008169625645015749
ck_7c12de74de30b788,0.38228296170979653
ck_65491367584c730c,0.01151930301363074
ck_e9047964952bee70,0.039088619562730756
ck_5567779d6ba184eb,0.019916384046811293
ck_d6ea026357ec6477,0.004187253408893432
ck_cd7dcc884e283746,0.05514200986111545
ck_0bd77fea8ed75a15,0.008520122156137285
ck_e80883208e8d0453,0.006859495153576918
ck_2ad0ecbacd5acf8e,0.9191043762842902
ck_6c1dbee7e8fdd5c8,0.0073027639627778265
ck_ee4d9a7449515908,0.001230817513040428
ck_636111f7f030496c,0.002104358778718863
ck_2c629c657f73941f,0.004697722826052262
ck_c1c9d3842d758420,0.13283723360474325
ck_e4df7faacdfe8c40,0.08036803758246888
ck_94e8142728e44380,0.040978533970944434
ck_765aaf42c5088545,0.01697863932609847
ck_e0f845159b6e6a4a,0.004280376995249864
ck_5bc07deb82edbad7,0.0016636586253774665
ck_713159c5c6a7a4d0,0.996448345279339
ck_b08afc91d9ca55db,0.01798381963610151
ck_a7bc323ffed2ea97,0.24138562501367566
ck_85ca825f905a34a1,0.01950836726165102
ck_33160c443d4b3f19,0.00543031209321646
ck_832d39c590a3ca75,0.714249936287
ck_7d1661a34164406e,0.9905845980415722
ck_c2466fc40fc9d5ed,0.9327465335741204
ck_ed0e776c0926ce67,0.2757019343038889
ck_cdd2ebeec75bfa69,0.39016113341506287
ck_d7877684c7923ec3,0.006673521547478359
ck_7384d4d2406aabf4,0.011421491522074653
ck_b8e5244e650aa81b,0.008093586200565661
ck_25a1ea40b2d59254,0.001966771723298433
ck_b9e5b318ee4de68d,0.0029288102616996693
ck_620d7ae27af83cea,0.004603211441429956
ck_40b4e264d1a12b83,0.896794730889944
ck_b694c803b62862b3,0.001098482740095836
ck_cbeca201dbade3e5,0.01965736345262191
ck_f9b439c9161c3e52,0.006700871794194006
ck_9880410fcd10a28e,0.0021956065666134056
ck_74928f5f91aa12b2,0.06281502685138557
ck_b6673bbe61d2680d,0.022155887823709513
ck_53c8315b5c30acb4,0.012376579290772755
ck_78f01d78ea79642f,0.003898251768634747
ck_8582490d6e365a63,0.01786287636682032
ck_af25c72d16299258,0.0025949384104108305
ck_7905fe8e257b0449,0.2786065888636885
ck_0d16d9349e4a9e08,0.05887032696967942
ck_31b16b8848584e98,0.0332332064140827
ck_67207e3eecc02d76,0.03436900328277091
ck_e6b95ff91116a592,0.009552343389617855
ck_c08f622bcd6de6e7,0.035136722737346235
ck_f9a68da9e0f0bc85,0.006500704185156861
ck_4072b59388976896,0.002830643415622033
ck_8ec86e853ad52828,0.10031719123387033
ck_4fecb87eaffd5cb5,0.0036085818932715926
ck_d6880578428b965e,0.4566465865295172
ck_bfc82b3c1c9f2897,0.964533477923554
ck_c340644176ca03e7,0.015469763161389118
ck_321e740066fb05c3,0.6148344524218468
ck_8929d2eb09872052,0.149453718923371
ck_205c107cec528414,0.526817884286556
ck_e76db7d2562f9836,0.015309289904930043
ck_9ede51c8434cff6e,0.005251239517254106
ck_492e4b89c61b7b6c,0.004547522933635721
ck_9385f5a1eeebefcd,0.045377645358881114
ck_ee52c7bf88f952ab,0.006773703122980286
ck_d8116c34302021d7,0.0030008220652164175
ck_01645ea51972e99a,0.028221768329153456
ck_7b45ed23304a854b,0.006880376013362511
ck_2096d32f3d497ea1,0.1346647173705819
ck_dfbb2056f1ef7d3b,0.007023280530037463
ck_938ce30c864bc7df,0.0014818929038026905
ck_ff30dda2c881a4bd,0.45550338646834854
ck_f88c79186a082beb,0.018051826079184784
ck_08c7bb0f9851cb76,0.10462457410446035
ck_2675e7a008e584a7,0.06286364549027276
ck_cbaf8a954281d4e3,0.9638079104288133
ck_8b24eadf6c72b30c,0.46580898734979215
ck_ffc8e3c1377d0706,0.003676560745287464
ck_5b59e859bed5b40e,0.011547146470656066
ck_7b61717f172f9317,0.7781121491389426
ck_e5c30947b732f661,0.23194421847401533
ck_bc273f3ce79f7e1a,0.003031188975840663
ck_f69e93388b3028cb,0.15278441075565624
ck_3837ad850996ba60,0.02543081005715258
ck_36d78ff3bc033ee5,0.007007613949198887
ck_5e20953547ba4135,0.038426750347647906
ck_258d661e450ac870,0.0040795510450270505
ck_1df66f537496ca59,0.03316110908167476
ck_361f535599110201,0.012398865467077842
ck_337e98c69f6e7886,0.004575288300344553
ck_d3d5b2717cfc3913,0.034559114882444064
ck_b1dba768dbe7affe,0.03118801056589766
ck_92d782bd9ce0d1e3,0.05779972340540068
ck_26bd0f8898afc8ba,0.0022297795205924904
ck_7916e53daab36745,0.037469362917141744
ck_2caf553b31831a50,0.0034649773915936912
ck_c6200734c7f9b2f9,0.8350683205331846
ck_cdc55623cb16e6a9,0.0026450283563374073
ck_57849e15b61c43b4,0.0051838930113341205
ck_b7af9b2ee0eebbc6,0.0242505419327235
ck_00aa5fc3b3bc66aa,0.011603165048931354
ck_9929723f65636c7f,0.99473100723607
ck_8f6cce9f69912983,0.025583603257267294
ck_c422ba389ff00781,0.0023940604916427607
ck_9ec7f334604a228f,0.0071707976070574
ck_5d01200ba3341462,0.015035591359752114
ck_2bf10be403849c9a,0.007870236605422725
ck_6ca018259f70858f,0.01522388877798061
ck_a54dc042ebb7c766,0.3490531441045245
ck_79da63fc100830b5,0.010432502946383499
ck_67ab6f9e05c85085,0.01217655293148639
ck_fa80da579ea9afc0,0.009643996894522543
ck_4339f86c87289222,0.6955258278975671
ck_a2299b4f530be0d6,0.3373210641054202
ck_19db0bf788697c2b,0.0035145789058550897
ck_fa4211c4d826d830,0.0014000640230805055
ck_96100d5e8e051e91,0.005694830649931508
ck_5c3a671883d58b3f,0.0007252787648064613
ck_2d9524787cfe1ab3,0.3953997046262273
ck_47ab8e51e5b3a2d8,0.00214120718195729
ck_c924f36bc1bbbaa3,0.0028787446671948236
ck_5c58e7f8fd55e26c,0.002260980990206536
ck_a07e7409d6d5aa06,0.005282375084417737
ck_c8413898f5f7cb7d,0.019934940667087113
ck_577c816b41cab002,0.9354951312096402
ck_9f7807ed64cdb728,0.06418607783996282
ck_495d814d6d6d521e,0.000753419849970462
ck_7aa8bc018c2b003b,0.004556315833846339
ck_7c3a6a82f3c3241d,0.0022142901024421223
ck_487f7fbc290e4ae2,0.004976407450100811
ck_e556c4d36aadbe03,0.000982338057348967
ck_7e6569a1b2455cb0,0.0012883117595522786
ck_de2924955926d046,0.01848397027172928
ck_73d60b4630e3937a,0.0028861233097744856
ck_805ee564bd35ef15,0.016108680858436468
ck_0d40961e47797027,0.0016708752060210137
ck_f06d00a4f9c87d80,0.0016407958270064152
ck_5ef50fb07b6737d5,0.01176186905814423
ck_16541fc15683e21c,0.004966525436693259
ck_09fd43f1b7e2eca2,0.001637232764619846
ck_2a2c336a69b8d68d,0.040058714000679806
ck_2685f38930866af0,0.008822844010179957
ck_298278a9da874437,0.004594488935700444
ck_00bd7803f2530c68,0.02766131224638686
ck_c2b4a1d8c0b6c1cd,0.0018978293805840458
ck_2acb54ca20c3af6c,0.04305959506742739
ck_e3d4b6f681c783ab,0.0256291391653447
ck_f90293f1eba5d7b6,0.027122062295989485
ck_e69d27e8965df0be,0.002133245083529365
ck_b7f5d10b427346ad,0.007018371267130718
ck_1ce20e4223a936b1,0.0036972838280274942
ck_6b97d1ab90f6bdeb,0.13595174890224918
ck_e30e17db5473c7b2,0.0021367992685756903
ck_154c8efb19dee665,0.0013405058088672406
ck_6f5bb0c930644cae,0.9924608347724504
ck_9e17699baa83d173,0.003175277962364516
ck_9693b1eb70880205,0.003543829995852542
ck_1e97899875bb427b,0.002168955664728119
ck_558a82590f65df69,0.0016640815687433024
ck_18df83242ff3cdbb,0.1218283033130648
ck_80ad4396e1084c68,0.018933759809649838
ck_0a993bc947bab61f,0.0220772352271805
ck_5c2d43ff841632f9,0.0028701822026143734
ck_6e4b99fb9725d9fa,0.008146208243365607
ck_e0983999ca26c19e,0.02227024197568796
ck_6573c4947cc8607e,0.06760095389158935
ck_d879d645d6e44207,0.0068377087994683115
ck_1375ad9f10688e4a,0.0016969176114836817
ck_7501ebbf4e21f160,0.003972799144952082
ck_ca60d61cd4dc3bea,0.0018838818817603696
ck_ab9ea095a5c58b4b,0.006277950389400415
ck_23756522b58df5d8,0.0015456886448053052
ck_90bc176c43d85fd5,0.06496799820813028
ck_908b663b2dda94ad,0.012625783517411202
ck_4df2fb8e4b649e27,0.0074474124504449405
ck_5615c6bbdef05291,0.07752782110628723
ck_b62f3e3185251f71,0.00040826356848003287
ck_38d1a22850178f33,0.004195882035857328
ck_5b3ba20c8bb1383b,0.005132983771246056
ck_5576ffc6aaf6f22c,0.000677030834022893
ck_cf7a022178165e56,0.007490501414335346
ck_f2c7a4c50e2ede96,0.0484669089454118
ck_285719c77eadf915,0.004432066883518423
ck_f2aa1b677619ab19,0.003422352731130484
ck_3830c58d841e9e69,0.7074727105737975
ck_32eba3510c8eac5e,0.010529516248530836
ck_8955d7b9030d5eb5,0.009751604782327339
ck_6775e387dace7525,0.03094524882198595
ck_0a0cd7f4be606a93,0.08427703198142082
ck_a9f700eee5d638df,0.004739096676811441
ck_3d7db96995745472,0.03521608799133867
ck_aeed557007d52e9c,0.0011231801268296933
ck_79b6a86830156b5a,0.025127311178006595
ck_6a1ff9d69466181c,0.996681117453084
ck_f11b1565f986f5e3,0.029903655486475594
ck_4819327a78615485,0.0018829721820712805
ck_3ed9e081959b2f5c,0.017772099313138404
ck_16af4be191c47d3d,0.0013543471292313384
ck_25122cc0e8b1a662,0.057674226133834716
ck_509c22828d467ba3,0.038661709829580435
ck_31109c899336348d,0.003865484646884952
ck_c51131e53baa59c7,0.0006041877477753777
ck_cf8ecabbc61d3e11,0.0033710813121858806
ck_eb6baff0f85ba936,0.016054985248014603
ck_777669e2243204f2,0.9333955771744282
ck_ac0ea27e692acdc9,0.008605850012347774
ck_4c6ea04ce8ca9e2c,0.0064692430501210275
ck_ca54b32fca7e94cd,0.0074978344797982845
ck_4dfd8947f540eb24,0.008593493326411676
ck_95aff1fe27fb24bb,0.011581641307368207
ck_c7550723b90e5615,0.0025788936012884497
ck_57b3fee69bdf85e8,0.0025578261132832986
ck_f823407ace7ff064,0.05630985025770603
ck_a69084a068bcc8aa,0.05161206379000869
ck_c7b17f7b24bef5d7,0.011247711401007323
ck_7c4e588f927c27c8,0.027113906429538343
ck_77fdac602d0c6f95,0.06982381654723564
ck_e963d8525018d072,0.018823349632616095
ck_6e8ebaea8f7bffaf,0.0018011834709340702
ck_aa42976a31cb7770,0.0029336519053454716
ck_22c862a496008c96,0.9887652040084612
ck_527550dd15f38782,0.004438627656799728
ck_b3ab3c210e2c7c19,0.0187244260724179
ck_ed9c56fdb9f45ddc,0.26708616544849717
ck_b53281da70defcfa,0.00801118478327185
ck_03009b721568ee98,0.014594476999216626
ck_3d9afd862b3f4053,0.06726792047149378
ck_ad3c4be96599554a,0.007269944272396964
ck_d1c787c27d50af49,0.049749322380369845
ck_c7a9c7b2eef46a99,0.003188976161512056
ck_53036d3c6c74446c,0.07426991516623441
ck_1b1efbd9c0964c8d,0.007744170361680991
ck_d66f42a269d5c1ed,0.027254936690679955
ck_fefc49a2b8ad993e,0.006287546519216515
ck_8b3b874249adece9,0.026538332794527674
ck_193d9c87ad3f1dad,0.003336171827578266
ck_0c6a50d747593b7b,0.025214940192458762
ck_c830f3830875b47a,0.022981866063108345
ck_79e202f06d8dfe42,0.021851238680083124
ck_5c0fe988b8aa7fcb,0.10584763584340795
ck_a8382d8345f21e1e,0.001557070798371817
ck_8cb20053914692d0,0.015193685364281234
ck_1da2f69023ca4c13,0.0031476731392484263
ck_38abb60995114f8f,0.003169091562671038
ck_f5791fd8fd8fd191,0.04324937114289352
ck_a4e6fc391b674335,0.2607514216611874
ck_bd771efb4a7e15d0,0.003106723985363802
ck_38ba4a6b6a292054,0.02813298175165841
ck_f7a07283345a0dce,0.003804519638941289
ck_87dc484baaf5a23a,0.0010842418775225085
ck_c84ef83489badbfd,0.06424228725582837
ck_a397cd64ec5d644b,0.009719769923591536
ck_7977135c2ff61e92,0.018801088575982252
ck_52174855b243a8b0,0.02405738216420814
ck_0f35e930d0614613,0.9917693123677711
ck_b170a7db522a0d6f,0.009521043540165666
ck_7af748a23775bd54,0.10222007377715854
ck_52f641c9ee6fda70,0.002638950191941442
ck_c3719a30414bbb4d,0.01272832848437618
ck_2baf214ad6bc0dbf,0.04595645818496452
ck_8b39d8aacfdd72b4,0.0036906690842060273
ck_d39b0152116203be,0.006638881036112686
ck_ed33f8a937f9c7c8,0.005522459668174988
ck_8ef97b55a5fd6ec9,0.0019880807737974447
ck_8247f008a14bd1a2,0.0030674706695374377
ck_f0d349d68249d5db,0.002610230933493184
ck_a544e766540861fc,0.0043595132354666295
ck_9dfaca4c7c80b10d,0.04038113985660201
ck_7e5401c362b2216a,0.0008886821660859502
ck_64ff60c073fdb6db,0.014662077825883144
ck_fc5ea49518e5d637,0.0064341052792500335
ck_580f136ced341298,0.0028058634872310355
ck_9cbef9bc95449dca,0.007937123056337935
ck_e475a3b8ba870a7e,0.008096097744631483
ck_97e94708bcf43563,0.00793238288792451
ck_13f03ec785cbdae1,0.0008044415599125698
ck_152820d8817f478c,0.005974275521067215
ck_d20d4ba60eec9945,0.013166212597907321
ck_5c45968a805132e0,0.004159579655928206
ck_bebea2cf3063fb24,0.024040195370202595
ck_c3c69aefe7ea1d2f,0.005752684992234575
ck_02028b72f26fe855,0.003790576868425312
ck_dfadff70a58a9133,0.004870669662645667
ck_6482ed4491bedcaf,0.00515812515802477
ck_754cd7b4a5ae3f94,0.035071897555972925
ck_3132857aec8485bc,0.0021309003189056144
ck_7ce4ca91b8f9f1c1,0.05439559191672324
ck_41938582f4351772,0.004199698784223498
ck_f87d66946252476c,0.19084445021476948
ck_8053f1879a9b4e43,0.002536142183318473
ck_93892e91387f5103,0.021558948673470697
ck_15254db133b28371,0.005144027631536563
ck_d557b9feb241b3ec,0.003352696156649115
ck_71c3a8e4c12c989f,0.0034854116309025627
ck_80e3041811033443,0.016896790624481343
ck_3380d60067b4634b,0.0017744185212533465
ck_a9c2cdc758df8510,0.07971322348189738
ck_3c0031d7514da17b,0.030237094944087127
ck_18d214b1418be39d,0.0025375668742836804
ck_7ce768407fd48321,0.0058250238635618404
ck_7a50abd42298133b,0.0023268127531637793
ck_2db10f987d137582,0.022459620178954594
ck_e077d004cd1d80ae,0.012494708263301063
ck_1cb6dc67f9a321b5,0.07886244941289042
ck_b864f64101149c35,0.3101177405716287
ck_9bedf54df9418e4a,0.002256942510957197
ck_c47e32c47f0e6578,0.06723283589402382
ck_71f382d5e338daa3,0.002264400117500094
ck_14b4bf7be6ac2b61,0.03131630720722977
ck_5c87eea1cc07cc92,0.11473086029513617
ck_5f445182829ef342,0.008259205417913917
ck_a5d7311291caaa54,0.004959143718473789
ck_b7df99aecef385e6,0.03219613229084708
ck_3327a0582407068b,0.04941748611580579
ck_08dba09fd7dab896,0.010296124493300843
ck_f4ec334be5266378,0.010076669915864136
ck_240f7f894c5a86e7,0.0012161178264077567
ck_a9d994554fc14a02,0.000541948922685312
ck_13648cbd306eee6d,0.006679100022069609
ck_601edf9105b3c321,0.9899946012191935
ck_9527adac182abe57,0.41558201451267396
ck_4e0e80f5cc271bf7,0.0052272946889494925
ck_96a89e720176b389,0.10386792297833533
ck_63560eec94b76d2f,0.011799848235370714
ck_c9c99e5b19aeced8,0.0018328845166975774
ck_bc32655ee5ed643e,0.012582482300177833
ck_edccb5a93b741744,0.008366421851573855
ck_f786cbc987b70930,0.001999985024508912
ck_0e8f26536ccc8947,0.024376762978055917
ck_b87ef4b98cfcec4c,0.0069629983331869925
ck_1a9235812de4b2c1,0.013706321423203577
ck_d1ed88ea4211ba4d,0.004032500054511396
ck_a4ddac49657a4450,0.0035992032611249503
ck_d9ffca35188e49d8,0.007017021903984731
ck_3db73bbe03c3d240,0.0016381794028951814
ck_fffa0622344a36ab,0.00324078995382836
ck_148c28df51bba5e9,0.9834523598578071
ck_076cbc25c8f15fc3,0.878936110813011
ck_e5ca550b39ed45bf,0.2864922265105543
ck_8dacf3a2061ca17d,0.048005919117873046
ck_2d7394afd61643d0,0.0028925624045284667
ck_e42206e91f6a1752,0.0027519011702195986
ck_2f4f94827984c426,0.0033883558192945467
ck_edfe8e90e8f4366e,0.004450993983919491
ck_646b15f753e5e9c6,0.005203121622272313
ck_66600620149c8799,0.004332072087802475
ck_4ff6fc70bccfba96,0.4217098212955128
ck_41af3729590c2484,0.006825911997610706
ck_920a48ba8c583e96,0.002203827123156493
ck_0253b3e7be021306,0.0005788633889541228
ck_2ae6949246ea2648,0.017393392314214752
ck_db23a5100f338d72,0.05449488353292463
ck_fcb2a559474c3493,0.043092345935024
ck_0a4d7acd2a53cbbd,0.0014353408707683697
ck_c5d62b2b7a6f3bac,0.9936552621634931
ck_cf59f4fc0ea690b2,0.005036654444491936
ck_837be8126bb19250,0.0010791792402508825
ck_58955542edee1adc,0.005781825296907709
ck_1b93381d8eea58d1,0.002636421474800337
ck_97b8e05d62abdc14,0.009363668774751543
ck_71a0d645744302a3,0.008088081540302118
ck_a7b57882ab66b111,0.005708494964217297
ck_65f76421be648549,0.014713790792131151
ck_b53ea8713d32ca7c,0.04002302698272369
ck_991c4c924a1d85ff,0.7338974563324798
ck_8432ccec1a4ec7fd,0.9931758811309216
ck_64c1633297f43788,0.005578310956311461
ck_4291fd9c1161d8e1,0.09445110942038779
ck_5e98ed6391d9f429,0.01706474985143002
ck_c7baebe4549fdbb4,0.024816907784725943
ck_6e67225ba59fa5ae,0.027580898202934568
ck_719602def4d35fe0,0.07020526559600701
ck_bdee7c86f5ebe81f,0.037574613522938664
ck_8de38f8c7f91961f,0.15237840260233831
ck_b0b5bf9254700402,0.005421765526760829
ck_7b55d9bb1a250d4f,0.05637599767227854
ck_3954b7b0fd1d6614,0.0028042987240925
ck_f29471fe7c818d6a,0.003048881045608372
ck_9e65a8a2f587691a,0.0037793408223373882
ck_eaec5f1a83b66eb0,0.5398165714573074
ck_004fe0daecbe2c1a,0.006044429299615306
ck_d17653a4a2d4a79e,0.009989404088469545
ck_0dd417fcbf19e424,0.013281350802734205
ck_4c99a6eadea143e2,0.02653254054359621
ck_74d602c907ee9119,0.0013260764827970207
ck_1aa87cb62acc0ac6,0.0035462038603999526
ck_094974d75e29fb2f,0.1382248836257908
ck_5ef935ac3d4d3332,0.010207231311049343
ck_b26e4ae47c9107ed,0.15258400303822522
ck_396cea6f95186ad2,0.02899875149995903
ck_48446a9e8184c7d4,0.0019234046682800182
ck_31e1ede23247d56b,0.034997476090311376
ck_7afefa349b960a3e,0.004065645798930026
ck_f5e02a3432571b20,0.014918088061346532
ck_64eefec062592c43,0.007136707647213148
ck_a1201284122c141f,0.024560343573461457
ck_1b34c420a4c85a95,0.0069024323429341065
ck_d637a011332ba67a,0.0030070325290964236
ck_99c0004d8b7079f8,0.0019260664909046452
ck_948517bad569b40f,0.02550468774638779
ck_a28d6b1601b472a6,0.005573892154382839
ck_a0b4209feb31f5c0,0.9967253736872863
ck_d6d2c1f6dfc455b6,0.3667854512005741
ck_3f9e6d356d3dd3cf,0.0011209244043876821
ck_d08e00c842b75176,0.010547455963740437
ck_bfdd232a7c5f2660,0.031947048132763514
ck_2cdad03ed069438c,0.016737569010531275
ck_42317c3eabd0a285,0.4300975241682602
ck_3eb73e56751c704d,0.02800010604333734
ck_ef33c04f4c9e3758,0.042832299737668
ck_1dc23dc870f1773d,0.009142748969610242
ck_76091f357974a152,0.009155367674738988
ck_4d9eb75e8eee90fd,0.0263451762255127
ck_578f67e69e5d2cfd,0.003944840533729762
ck_3a8ce1cc724229b8,0.002522927322049425
ck_a96887f841e80fc1,0.007160105577661055
ck_d2d4a8f4a9f2c33f,0.003499134341524373
ck_11f85bc705dbe036,0.020131903395652954
ck_7429b3f87528e335,0.0036012317529517945
ck_26df74feac7ec51d,0.002058699350687141
ck_c78b2638fadd91ab,0.009471277941364788
ck_7eaad325abe3b50c,0.004105671287321423
ck_fd44e34af620e606,0.04882094503235833
ck_f99738dff854e25f,0.0009596478732368411
ck_1ffbce3a239bb264,0.0031256240829910962
ck_96c7d52ba0a766ef,0.029742980116850438
ck_cb1c00c300af3f9e,0.0063795345816866755
ck_ec3d12848ced99f2,0.012003854996487585
ck_26cfd7c3c6c7bf69,0.006447468676424201
ck_7ae86b5a885affc3,0.10258571529027134
ck_3edaa94d28cd48ea,0.003980169214895329
ck_3209c530c9812e39,0.004975575508298843
ck_ea62ebfc1f04b49a,0.0046587841611958015
ck_5fc90b4668ea81bf,0.00549367371828794
ck_95654593cdebd141,0.0017069743215515306
ck_958c0bd61820147f,0.026432743590027914
ck_8440ef1386c07194,0.0032163054282612355
ck_8cd1b68dd74b1375,0.12621678216789572
ck_c9eb4df91ff07f2c,0.11357888320870788
ck_c29489366c01fe65,0.9488185607671786
ck_c965fd6bec0f0ecd,0.008390758506122134
ck_84c402b23766e1f2,0.008016543938143748
ck_181f3dae03b87136,0.012025504342618126
ck_022a8ae79eb28cf6,0.9270895967267571
ck_469c17407d17b706,0.006922334710995019
ck_1fcc5843f39148a9,0.002131344973209593
ck_5debd55f361b2ddf,0.003097347863279861
ck_28cb9b03e89263f1,0.0029650277063873595
ck_f067470743d3c7a2,0.08099176610191298
ck_d5d225ce41a1a762,0.01547394091835803
ck_15b4840922195ffd,0.007398470548139545
ck_6bcfa37c717f19f1,0.011222057913128828
ck_8d501a0386c66be8,0.05537141933273069
ck_1a9d6190c57ea7e2,0.4404644774641838
ck_c49832eabdac5bb7,0.0039306406345780516
ck_b4331140b2e0d4aa,0.005014499319707999
ck_5efbea1befdefe1b,0.3591326378003127
ck_72ff52c4824072ce,0.03111603443090193
ck_ec3715add8bbb6e9,0.0014184783780177648
ck_9822f8ed05335741,0.010137947267802361
ck_c3d7d3d12a1981a3,0.006685122062608647
ck_a115a7919ac5875a,0.04867504338919329
ck_4dd4ed23e0b927b7,0.23265613468249052
ck_4c76efcc1ee6762d,0.039726223505156956
ck_3ad6e7bf452c9b21,0.01673861231529175
ck_dcbab304b55a42c7,0.021917667366030708
ck_24b53090faf722cf,0.007599698099961684
ck_187317383400491d,0.007196912830608364
ck_e07fd57565c94c28,0.010394372440072597
ck_740e760fdcd27835,0.0021996376840013447
ck_d3796aebda1cfed5,0.7380961269410541
ck_e541967c681cb929,0.011454099933221822
ck_431118050b834dcb,0.0006563301813520683
ck_90f3655f0c8a0074,0.0015962793873574657
ck_13cd943777651aac,0.02674728153088013
ck_66accecabf3901c0,0.00785448972878045
ck_937f0da2306b2eb9,0.0030600857282230623
ck_105b0c93573fd5b7,0.14667342615700316
ck_00480407160e0743,0.005521319452371058
ck_e032068be7b77d15,0.07667011189998317
ck_991b7dfd69098320,0.004127959894690755
ck_37d47cf0f34574a2,0.0009145198353030466
ck_011551a596544f5d,0.009299010502926744
ck_9acd98f4fe2d474e,0.1952651658604708
ck_7c88d3d377bb61bb,0.02326414421350421
ck_e2374c7136c964fd,0.06526858143703468
ck_2fa8f2577116e9ca,0.053591169948993676
ck_d07c5b0321c685ea,0.11320235563829137
ck_bc736114a31088a7,0.00428394235664555
ck_32bb42f9bff197f8,0.014142208200906028
ck_66267bbad1f1415f,0.9899281105752845
ck_19988702ccd79201,0.006184073584460712
ck_f473a03fbcdbc4b0,0.0029695459517531863
ck_e3f1d85fa5d49396,0.012441889143016721
ck_c4402ea6291df271,0.00857231249402898
ck_243bd5ca8c4ae5d0,0.0014181061291351348
ck_f271e855925e8d6b,0.19652267244986246
ck_e424148c6f2223df,0.003603192489801497
ck_e4d0a9e1102a58b5,0.0018115010349319422
ck_91c2a5fe69b9b1d1,0.013300037780275728
ck_5fd8924732fe403e,0.08559077744655116
ck_9a881d5433126ada,0.006331591275801613
ck_73cab88b29c7845d,0.11606408466402558
ck_5b5dea6476d4e182,0.009397968475552219
ck_ccccb17d2ca6ce94,0.03731595595264933
ck_cd1dc68e441222b1,0.9730687360991345
ck_8312c49b1431a406,0.0032071122189643434
ck_25fea39897f2a559,0.03651053320485684
ck_f56200205280bddf,0.009335705400216712
ck_7336611650dcc088,0.0010844126577940582
ck_590716322ff147ae,0.012596164185202896
ck_c82364d87875a1a1,0.05508993802467148
ck_fa4b60387d744fc5,0.0012923278330045247
ck_d841eba8906e9a15,0.008234101098103365
ck_d6df562a79b9d0d9,0.006631422267881208
ck_59a14d2564193101,0.0012170631045646165
ck_8530158e3d7f59e7,0.006722330220141869
ck_ac68d707006c12a8,0.013596131022401781
ck_976fac1bb3dd8c58,0.03809662564038528
ck_f854fba8f4adae3d,0.1764096325414549
ck_b98e9c3ec6e7d1e7,0.005342528005088173
ck_803c0b4cf9d4bc1d,0.008617795742861182
ck_76997a33c3ea5107,0.0018320007473183505
ck_f1a9d832b700bda1,0.9729903207378119
ck_2bd96ddb8c323d63,0.9893893382130947
ck_9e5b7acf51b1b743,0.03640156972621232
ck_09169f22194fd6aa,0.006530392164199032
ck_6d69e092f9b0848b,0.0050890725701539675
ck_9f83fa5a2d3b9049,0.008412982206983603
ck_57bbb19eecb4b87c,0.002025506316866834
ck_e0e9cfabb979f428,0.0016561379596841876
ck_b1ff9edc51d42f97,0.0025857441106304467
ck_4682fad271d47eb0,0.8537946392374571
ck_ab33fb754c818ae3,0.009356456490320516
ck_b456f62b80e21557,0.0008590092078675484
ck_16340be3f2a7fffd,0.002253364677968631
ck_ce66831f6611014c,0.00336479528654152
ck_4610a073bb54d1b1,0.003877453738673943
ck_fd038a7d33a9d6e5,0.007814786524251558
ck_c8198cb4c461304f,0.009306935715273652
ck_1e7de58822000dea,0.0015080096323113069
ck_b2a79dd3df560f14,0.018039660966986712
ck_74a06f347b32347f,0.010013274393794774
ck_c6fdb2972417c9bd,0.0194595062896552
ck_d7607a213b800bfb,0.02727953177243827
ck_df65967b8b40319c,0.0018345478536812398
ck_329a73dbd585ee09,0.006399221399554203
ck_74991a9e85c3b07d,0.01367612893277131
ck_bb76609b79e0bc9f,0.010982675969916044
ck_f7fc1bd0b9ab1fa4,0.027982782593060345
ck_d111c98b36bdb791,0.005963981981151634
ck_f07e27d125497b66,0.007916670086081545
ck_093e3a7134e11d6b,0.025196588198540038
ck_862c7953bdea48b0,0.004851410791741409
ck_392cf2cdd515c34d,0.004094273793393731
ck_80eb91b0b4001084,0.12304639248265421
ck_5923f53b77193a58,0.03633595766356361
ck_8049f5fce32be185,0.7203950689440252
ck_ebc5a2c6cf88e252,0.09042135014000721
ck_9ea5872f14cce338,0.006989671116447068
ck_f7fbc95ebf584379,0.01257000705281586
ck_bafe82c870356706,0.9710484963436532
ck_278b36c5932d9bff,0.004529748972000324
ck_6a892dd5d05c1649,0.006289844002484802
ck_0734fd90b2cabd43,0.003924783756865212
ck_9b552204498b6762,0.01302728682677387
ck_f6c909c205767956,0.04060422515436844
ck_32f590e87bc3d715,0.0012180107939545417
ck_66a8325f28be7562,0.0049702653936649285
ck_b129261da9c3c3c9,0.0007506306381892508
ck_a524071c51ddde20,0.011547541504787026
ck_ba576d6d4cb6130b,0.17080011701912765
ck_8d8226520722af78,0.017052990607071654
ck_c5b0f0d4f1655a20,0.02231342017371379
ck_61814ae9b6d8eab1,0.01754786596681709
ck_382ebf136f7fa337,0.08751858182417478
ck_423ff4ede6a9f066,0.015354723729011874
ck_546ad962d04b7de4,0.9203812552111454
ck_9473ea4a01c95f9a,0.03419129311510159
ck_9eb1da8cd35a50ce,0.004121230688039509
ck_de5eaa2cdbcb67ff,0.05557187187030671
ck_537cc97d0398c922,0.06894286388006969
ck_998475a2e4dfad4e,0.006659683483767509
ck_e62eb708d2688fae,0.01739708649763994
ck_ea623358f704daa7,0.061055054575975445
ck_b911a09f328dfd4b,0.0045133672813751306
ck_4b3506b624e5193c,0.025861939265479927
ck_448456f96788713b,0.027983749451471425
ck_5d5ef9e75f65d076,0.005523114051371284
ck_3b74512f774a6e5a,0.0012371413718058645
ck_a032e8ac1507c6df,0.7658832926789299
ck_7e2d6b22a0ae20c2,0.030186391016831026
ck_d80283209c963f11,0.0030129411433988977
ck_d1157eade2ac3975,0.016455534618112926
ck_be48f583f79427f7,0.003597838165528282
ck_0027b5d4107d65d8,0.358349327501314
ck_94fff69584dd3b2a,0.010238748375124274
ck_75fcda73f0b43557,0.011850700831520787
ck_a1c78972e4ee4082,0.043922025555156105
ck_f0982bbdbd122f91,0.0027948320302332032
ck_3199b471575aeb3a,0.001202797047254151
ck_7fa947a0b1c1cf74,0.04176794693286562
ck_a60c618b7f0e4252,0.012684499678195595
ck_722ac47c8ac9b6c3,0.24063851541125203
ck_d44dc3839a195c8a,0.05669030726340881
ck_a2c3e82fab520483,0.009776295077252455
ck_6f8ae0319c07cafe,0.003871972555856687
ck_49886ff1e2c759d6,0.0211974283870441
ck_150a1108f936e6b0,0.004880365043017225
ck_e21f9f96f597695b,0.011133649288461639
ck_7297bff2b7fdcbc8,0.0008328101601364167
ck_ee949c71f4f702eb,0.9895944410392673
ck_6fc37dea4b4f35c6,0.04762193602736969
ck_e76257caa98dc25d,0.9851210060467954
ck_828eef2334e17b3a,0.00587488328478205
ck_604e1b8a8c693aa7,0.005505647908102039
ck_7743c9fe037d1f9e,0.02059822532751945
ck_864a11202e19e812,0.2397007311039653
ck_4ec040b9e3785e4a,0.002007486927583845
ck_7346e4f820d9c00a,0.8402709789059966
ck_48d4d63beb26b623,0.0021523494719785465
ck_c423aa6de3ed1e01,0.008674787607878586
ck_d74b2ead8aaa3f73,0.033717770764489965
ck_1dd69a11daa7bf1a,0.019290369635502642
ck_d9143e236eef177f,0.02421112941406408
ck_f790d91e5ff0eccd,0.3976291865862872
ck_69b5620e00ef5dec,0.002376157589921918
ck_cd32e58e8a1c0e85,0.004847320012157419
ck_064013b0957d87a5,0.9845751773760609
ck_a481385c2e60dc4a,0.0013810925831001326
ck_d72035cb29db3aa4,0.009999522477806574
ck_3759939a0205306d,0.0030016733557534227
ck_f437a53fc832ec95,0.7560741777590287
ck_260ef2f3e6434819,0.029199242105876523
ck_35e411b05d22f663,0.018101420622905255
ck_8bf46e472f3e20de,0.19897824317421559
ck_d546994fc5d3e9d1,0.00413459808707151
ck_6ff0fc7487e737e7,0.18207913237168055
ck_5c67f27816ae0b6f,0.007121508578055441
ck_c5517923458106ae,0.004201478002802204
ck_d9735647a6b0b0a7,0.9272536936177502
ck_541a734fc457246f,0.05621705920374043
ck_2f6a639468f41043,0.0008812410588084216
ck_bea2cf7a6b7bb900,0.0012520139204535805
ck_7eebd0e6ad6c070e,0.004855902997097034
ck_b64c87d5e3b10e6a,0.8551438436768899
ck_9dd7daacb7833233,0.014237082520750935
ck_396e9ea9a6c6d7d9,0.020980575986125415
ck_1645e6cc53fa99ff,0.013915859474538762
ck_ea2a83ccb8d57490,0.004144623366633636
ck_e64f0df63e1be595,0.05657950734065004
ck_fa0b234481cb57d3,0.006757184827311154
ck_63379e3c9fe6f711,0.04802966655005635
ck_c67f7944896a0310,0.029188200294940226
ck_c10e54c9db29e6ef,0.9971783529315974
ck_7184ad7709ae4c80,0.01739340316727258
ck_f8b6069d7577fde6,0.005207378435065166
ck_18444be153bac1ca,0.8428039414253041
ck_d0982b4e0e118e4d,0.038035231293476995
ck_6faf3e6820398866,0.023031883838962534
ck_97e980463aca4644,0.005578675894507072
ck_630c835243c66b19,0.9906215537693643
ck_fe429ba3e1aa0e4f,0.0033866339706902517
ck_1058129ed7b48c59,0.005543770568036247
ck_04a1a46f07885296,0.013677738146489293
ck_f01e94331067edf6,0.008284648940565745
ck_77b2fb17c29f5e72,0.03188757486875921
ck_4f0c5857da45fb28,0.08508828737723687
ck_2cfb9a7775e8a5bc,0.9765461638461886
ck_6846100e43659bf3,0.0032249916890031934
ck_f89719a854fe11d7,0.015344564082819197
ck_bf47375e41ca3bc0,0.0012639095668383676
ck_2770b0400a7bef08,0.023104664820435872
ck_2a09d142de1c77ff,0.006092738301658401
ck_857a1f5547b9ad68,0.013303387176735413
ck_185f15b1523bbcf4,0.0027669829401912203
ck_ab2aed614ec1cdf8,0.0031134518377400272
ck_a9e7f3b2d5dfd97b,0.02705273563577674
ck_0eeb3d9b3e697edb,0.03363853950692824
ck_fa5830d81bc8ddc1,0.0019516717997981668
ck_231ae0329ebc3220,0.0023932319033431924
ck_1587763dd54688c9,0.01186982823916218
ck_9f85fea4490c00cf,0.017783172918490693
ck_a2d709e7eb91e4af,0.021841215364608906
ck_43637d28c7216453,0.005117498153592548
ck_f3ab5dd853d38252,0.029495410685634264
ck_4a1f0172d3bf4fd3,0.0037140106028678227
ck_517620ca16505af0,0.0069242450924356215
ck_9ae904fbef56065c,0.003985743533389986
ck_d5ef1f6e34bb35b8,0.1048940793666743
ck_ff42557857ae3aeb,0.004343117492897982
ck_ad9a18f58589faa7,0.004651558699316262
ck_df1a6edaa3e6b271,0.006215070141460216
ck_99021fe7225b5a68,0.024583913539664198
ck_99e52c3c2530b69e,0.992634418943887
ck_3a4811dc4a1a891d,0.003882927135053723
ck_ba3a6be026c87079,0.002568219604995383
ck_da6d1e5cf6aba6fd,0.0038775564418837985
ck_ddc7c1f3d45fe6e6,0.018522134343445382
ck_e1b1e7a7e4a15b3e,0.00398800576526774
ck_8288f7f226e08b89,0.004034434725350329
ck_c4524993ec31dbe5,0.009670567151502815
ck_8b19bb5b23b6741c,0.009771735403335806
ck_d21b38231a8a9f4a,0.06762721812365494
ck_3f730318a9792292,0.010597197896474356
ck_a4db6e94a8f77f9d,0.057361315626002184
ck_a8cac8d480306839,0.002115030214547492
ck_5472214011fbc2a7,0.0009186093716647941
ck_7356f47dbbbe7904,0.009004770342622348
ck_16801e628e883d78,0.002789312552537607
ck_0dc1e536231c4860,0.011521738249647424
ck_7cd0634a6e60af83,0.0024259417725096314
ck_ef6f8e048ae1bd4b,0.004133663641609319
ck_82f3f744209888ac,0.016551289854953487
ck_f33188c232a03526,0.09848957282499715
ck_4a59f4e10bf45d7f,0.0017880459945593496
ck_d96c893721385e4e,0.001299005571308319
ck_f65ab819373edb37,0.0071510784726401145
ck_21cac21fc10b7768,0.0013112690684405689
ck_139b54e6ccbdd7da,0.1322788017801349
ck_d6f5c8741697abb3,0.005033235237377149
ck_a28d9bb5590d458f,0.04748408606852138
ck_ed26d906883bea0a,0.004250755734035514
ck_227602ad072b838b,0.0010352666296285374
ck_39d5f6c17c745ab1,0.0025232845864179496
ck_744eade757ba69b5,0.027359806619653294
ck_c1295d97cdf35ec2,0.013458474772677854
ck_69105f881da3c821,0.005463100813644534
ck_933789b55361d7c1,0.8831749704697346
ck_b667952253503174,0.01486615687443211
ck_7bf668e25abeeb05,0.0019274150958603464
ck_91742711dfdffd56,0.008554887349147411
ck_af32a0660090dd68,0.01714352730188686
ck_2122f201e65f76ee,0.006510899702408318
ck_f48acb73a5d6af07,0.017555735059326682
ck_337c5684510cf432,0.06141892217479859
ck_f7bde7265053364d,0.02401349500384984
ck_c190c7b924edba75,0.006566924454668323
ck_044fa3b3a003f0b5,0.0351234889032244
ck_87eb43e3b9d96169,0.03542784495602012
ck_2d3d6c9364362017,0.001133575730133071
ck_ac55dc6cbcdf8228,0.00563351007523793
ck_61d7b0568ec5d6cf,0.01606062216431375
ck_89c74feeaffa7d09,0.0037579108266597126
ck_93776b0c113f41f0,0.0337881827502229
ck_15e0b679931f7a8d,0.0036408600818976255
ck_77b56c49cfdb1d81,0.02907591980090362
ck_73188a826b5f499f,0.0024626946682752963
ck_4f463ef25325ddfa,0.22037616914777608
ck_863db2e394dc47d1,0.9839382015581741
ck_d52432ed597f3cc9,0.0036546745011538386
ck_04fb61e5739642f8,0.1535129636053745
ck_2e481d75d110c06d,0.05005215194281226
ck_3fa1a523d77cd619,0.007760330216040165
ck_466dc6274fecd708,0.018235659367969705
ck_e1790b3aa2241b10,0.8681638919579594
ck_84ad096a46e1a960,0.02569454291247823
ck_3be72c9c178fa00d,0.021148505234564557
ck_5a17c89219d1d9fe,0.016500935779750304
ck_4f639f4ee6ce8d9e,0.08645355068694949
ck_f4ec4a935e51b4db,0.02132264934614598
ck_f04040a830f92bac,0.010349762398060717
ck_3e4d02a04be2aaf8,0.04468914482269089
ck_4d1baef193cfb900,0.03346748648790147
ck_0fb3153d37626b75,0.002071134224407315
ck_88ec57a11b11f702,0.932650866212428
ck_dca9dc465f759db4,0.004193447590514375
ck_64f5fba6af67e024,0.0337626098565779
ck_896096cb167254ef,0.01732530082211921
ck_7878679065876b98,0.019829381065559128
ck_fe8e5a6c880ceb4e,0.0037212446060110615
ck_a5e036327d3d1862,0.0014777231961950426
ck_310f73940fc4cf4f,0.01222164863678538
ck_46a8db16ad00b749,0.036584332652598965
ck_0d33977c3de8cfaf,0.9938676637974713
ck_c6fff412f531db0f,0.0010188225637126908
ck_bac6dadf428eaea9,0.03538734372943486
ck_1b96d9af0d7da2d5,0.0045404736080547825
ck_fa8a4a9e77799fcc,0.0030739022856939454
ck_0bf48607a874b4d1,0.0026532675149277918
ck_eeb75f8a6439f65e,0.009988943942404207
ck_a209a5f7d172125e,0.006767634265549352
ck_8f346b72fb40bf14,0.006022547314713097
ck_bccbf9fef367f00f,0.01822598327348517
ck_2d1548f1ee405cc9,0.00394297299918487
ck_e8298ff2dc1e9d50,0.003084360977404668
ck_77c0fb524edb4a94,0.005283490353465198
ck_28ac4c5134cb8e77,0.022163097379750408
ck_db23a0e3e54be60c,0.7527936859930713
ck_a059d00cee5cee99,0.015683160897789768
ck_3e9e3bba8bd363af,0.004868124453086866
ck_0428728df24cdab4,0.011914914741426613
ck_88cd35378075c84f,0.009565730967766478
ck_0174d76398d9dc0f,0.010767990467666131
ck_3f1287e6c27de0dc,0.005176101510888047
ck_ff822700f3605e06,0.9965985148059037
ck_4563227b2038ae07,0.21909954320445602
ck_788e78065526ee19,0.012330588196816965
ck_8a16eb584093b12f,0.002555636565890615
ck_cc276f71ab6c08fd,0.01822006018323335
ck_d61d97b21002f3e9,0.03947131302796804
ck_4b2e87d86a5e415c,0.07367776572974752
ck_3e6f35e4500d2f2a,0.0011487050838030939
ck_3acdb083e0d8ad61,0.0014275986447338268
ck_cd655202db489010,0.0035524066696877377
ck_829cbf5ccda481ae,0.0023699138750879166
ck_f5882e6f98b8b4cd,0.004424084247899361
ck_767947540b234add,0.004998467241488026
ck_a6e8e8f535b1f1d1,0.03938063276517835
ck_58412a2674fea506,0.01765112190555667
ck_fae7e518a585fa61,0.00930311829399819
ck_9c60ae6958d68dbd,0.20411976791375058
ck_328696b8f5e54ec6,0.11863927861282966
ck_7df3f8f4f1068d62,0.00285520949574159
ck_cfadd21458230ef7,0.004300117567645673
ck_7048bedd554c703b,0.0017932569792320102
ck_50422466f145bfd7,0.004172586265937751
ck_61e1f7168cd9ff25,0.03622640145270964
ck_733aff0f56f5b3c9,0.01668479953051395
ck_e14892e424180549,0.002072532550288465
ck_03f6664a96de7d0f,0.01312204763748844
ck_b7f4baa2cc82fe61,0.0023843237857623144
ck_1e51199a075ca0fa,0.0014181008133048048
ck_0e70516fa07cfb17,0.8117135861852901
ck_0f37c554a5057801,0.32861761143494067
ck_5576b725de38d106,0.013512008073111623
ck_82f360df1e9f4eb8,0.03435258949198672
ck_395f3bd4aacd7ca6,0.006583491201752499
ck_5e8e857b63966609,0.2300575519968498
ck_93470896f0804b6b,0.9711815721548056
ck_3be854e42e76569a,0.007402121298740907
ck_0567302c57a2417e,0.048582763025164115
ck_ee535461b5f05539,0.4331148146500866
ck_94a096c36162a153,0.007733601338367191
ck_dfc8f5c141fd7c63,0.0054989295455814815
ck_98b34f2d704c1c2a,0.009806079014119699
ck_96dff7a09d45f116,0.12397401407129524
ck_79557434c129ba52,0.007127180808841303
ck_4596624a7c01d501,0.008048617089718966
ck_04e89fbd739243fa,0.001258258323455165
ck_6149ffaf18872dc8,0.005341993942897639
ck_cd78f0832a09bd8f,0.8017882694390266
ck_7e29c10d781c3b41,0.004245713043602314
ck_1f7ee7b23fc6f2f4,0.00676593758660395
ck_c49b685d2b3ab89a,0.006670549836669408
ck_84569a8fc50e73ac,0.0030453907590864094
ck_b92b11d205af91eb,0.0018902944473820117
ck_06280e6d6d2485b0,0.010871899288692127
ck_3c08546dd0c92863,0.011213160740687756
ck_99d3983f907828bf,0.005012771381467314
ck_eccfd552aa652d3c,0.03393461277727758
ck_0cff8153881875ba,0.028525676123316746
ck_c1aebbeca6ab5ff9,0.005209922833696122
ck_538fdbbb3c2bcbbb,0.01795014197712224
ck_8c0210322733c718,0.004956809719485498
ck_0b0c93039f987abc,0.007165107031220948
ck_6d07d6d1bd227d37,0.17329377611299313
ck_9b6ee35e8cd0b11c,0.002870372501245391
ck_d838491d3d4f5ecf,0.0059440969395053765
ck_0593ae243a9ebee9,0.005959487422612531
ck_ef261fc09be8eb0b,0.0007963789788698331
ck_d0935b571a4a3868,0.025784526589257718
ck_97d04a67a104af39,0.046949152732629756
ck_e25f70d0b7229420,0.018383934840459075
ck_9b71274ff83de482,0.9763497735308422
ck_6de2aa2bb60978d3,0.014194661886362836
ck_eda55c8fb47593d7,0.0048569484704887875
ck_924e572517515f19,0.15061142741061548
ck_d6f27eacbad310f4,0.004203897986016883
ck_8550f229b5eb03ab,0.002261716507119497
ck_e3e95546a84d0ed8,0.0085330293276237
ck_3135c019696ee6af,0.9858142441930084
ck_41ba315d8fccb559,0.005146672485238089
ck_72b86e4485da2d0f,0.9815682804912529
ck_daaa995f3c2f0e47,0.021787380247645958
ck_053746067839696b,0.01704535356861344
ck_a15fe7d0f4b65c33,0.6978584841943032
ck_15de11438732bb05,0.003521274193079889
ck_2c4d25acbe3fabd9,0.0779324935873433
ck_7f08078908599bd2,0.04615212118845184
ck_e794741742fb2619,0.00739546310999802
ck_238e53b6dee8c301,0.0020953523602103433
ck_53a6a33060d5c8b8,0.0032049199095613426
ck_0e0919292ad33472,0.7580051513341584
ck_d86ccf148c06c8c8,0.13463420663667064
ck_c881f26c9bf9ae42,0.5281231581535464
ck_4b0947bf94e9d847,0.011820276697550262
ck_e10ff5c38bd18470,0.005442410461747853
ck_b60de9e97aad9e45,0.697939585645585
ck_190bc849e5ff5401,0.015620834883943826
ck_e7be077aa0b2632c,0.002336071817672457
ck_a51abde881ebeff3,0.01380696743850707
ck_2208392a9f6bd249,0.028805617640240318
ck_0259da8f109017e9,0.004958325875364023
ck_05e01ab9c95449da,0.039517042864662046
ck_c82897ebffb6ae66,0.001750217184733378
ck_b4a6bb4689cd7cfa,0.03110766793020884
ck_9e21ea33018ce538,0.004834910198971894
ck_caa348f0e65db062,0.9507270709625478
ck_a964e6b5d8415334,0.3910671170812444
ck_510bfbbee37ff436,0.01071507917506066
ck_9741a82faf5c7889,0.022104537726090674
ck_e7f61b4a39ba98ac,0.0026934743369007364
ck_069d158665a53909,0.02156509382243229
ck_6426427efe3228af,0.013264828053335467
ck_ab4a8d02ec3c0fd7,0.0010088972455303924
ck_aefa0d8d933e0eca,0.046030793610729245
ck_232325ef6bce92f1,0.009146894604158429
ck_14e58c3fb26a2b4d,0.005413859566609952
ck_06e73afdec26aecc,0.35218247645940737
ck_3168f4f2778d64e1,0.01055122290151395
ck_ff3998d6858daa21,0.0013533249962092483
ck_bccff46fb0868454,0.30861556472957996
ck_c7d444d90fa86d7c,0.6456069779784449
ck_f0bc3bdee6bfbb94,0.006804521355161147
ck_f7112818a6d81422,0.008188284315881537
ck_aca35dbcb835ad02,0.1006286332132907
ck_f637fabf0f60528f,0.010980621180849427
ck_53d17ab97de1ac3e,0.007003112278767129
ck_c8c1bf16d9113493,0.020189468348011594
ck_e842fb0cf055a83b,0.02673409342558829
ck_93c0cb3dac4891fe,0.006525042076356296
ck_0c1f088e17e46daf,0.017433548303432887
ck_8f4b384955bf57c9,0.0020058335100492427
ck_09cd5c4df1e81ac2,0.1909674147905953
ck_1e832a5b2342554f,0.07620909518819963
ck_2cb763a881aee27f,0.007277870605317535
ck_5875828b11406398,0.017632659206454397
ck_48e84b0cb0b90fa7,0.029437457386479876
ck_833688de8629c5c0,0.0031952437881768237
ck_117d78ccd5820f36,0.010774099555086859
ck_668ec61c4c39cae3,0.0013254589858947103
ck_73a7794b659d7a34,0.0029673177946315057
ck_10f90d879209734f,0.010254557927420747
ck_d1d079913aa158bf,0.0029632078763778135
ck_01c631b38e8a9535,0.0077451364952482935
ck_f6923088c17a04e2,0.1899255890181592
ck_b447badc9138987d,0.0023986060739589004
ck_8b772caed8f1541c,0.0070499361330344495
ck_5403c76fe68a08ba,0.699614643571232
ck_3e6833574edf1736,0.0075819695178205235
ck_e527fbb9450a4581,0.9139796592331206
ck_cc90e219f1ebf390,0.002612658627071356
